"gene_id","protein_match","POR-216-TP1","POR-216-TP2","POR-216-TP3","POR-216-TP4","POR-236-TP1","POR-236-TP2","POR-245-TP1","POR-245-TP2","POR-245-TP3","POR-245-TP4","POR-260-TP1","POR-260-TP2","POR-260-TP3","POR-260-TP4","POR-262-TP1","POR-262-TP2","POR-262-TP3","POR-262-TP4","POR-69-TP1","POR-69-TP2","POR-69-TP3","POR-69-TP4","POR-72-TP1","POR-72-TP2","POR-72-TP3","POR-72-TP4","POR-73-TP1","POR-73-TP2","POR-73-TP3","POR-73-TP4","POR-74-TP1","POR-74-TP2","POR-74-TP3","POR-74-TP4","POR-83-TP1","POR-83-TP2","POR-83-TP3","POR-83-TP4"
"gene-Peve_00000002","USP1-201",8,16,16,8,0,8,13,9,0,17,37,2,5,0,0,7,13,16,0,0,4,0,0,0,0,0,0,0,6,0,0,7,4,0,9,0,5,8
"gene-Peve_00000025","NAA60-202",93,63,41,31,178,60,92,33,31,50,114,50,37,30,74,73,92,45,119,41,78,51,48,74,106,79,67,43,13,34,57,6,74,4,60,34,34,54
"gene-Peve_00000085","DUS1L-201",70,81,19,32,55,24,114,34,25,67,158,35,25,43,48,77,58,37,17,73,28,17,76,48,76,61,36,48,17,19,60,30,32,20,35,49,12,18
"gene-Peve_00000091","ALYREF-202",1212,1264,319,210,1005,356,917,400,288,337,1169,371,315,351,844,523,717,601,453,548,372,311,578,686,651,969,367,306,183,408,702,205,355,273,391,420,248,239
"gene-Peve_00000244","MAP3K12-205",58,119,95,21,207,62,58,43,25,111,151,47,76,41,71,250,193,126,109,97,47,37,189,74,109,156,49,42,30,28,95,69,78,16,93,17,18,54
"gene-Peve_00000581","USP37-201",90,105,67,13,102,31,42,69,12,137,95,34,36,60,64,132,96,83,59,58,34,14,88,41,55,146,46,19,28,27,35,36,34,6,126,30,59,30
"gene-Peve_00000868","EIF3F-209",487,594,193,148,367,337,283,282,148,480,608,297,196,329,322,591,352,335,421,337,263,250,394,543,367,777,210,160,140,165,325,187,198,308,319,259,289,259
"gene-Peve_00000948","USP31-201",26,85,90,21,204,137,54,119,20,105,69,32,38,23,36,117,170,131,89,37,67,50,39,30,16,99,32,25,43,26,43,53,41,17,160,24,63,34
"gene-Peve_00000999","Senp7-203",268,313,179,120,310,113,250,98,95,750,526,144,144,296,209,560,240,259,258,173,148,146,436,213,325,325,212,71,85,63,179,109,204,26,469,158,177,237
"gene-Peve_00001083","Kdm2b-202",1605,335,275,1973,352,125,3482,89,551,299,1592,119,1092,1556,1694,731,206,264,1200,2225,94,153,700,893,441,939,130,211,92,2094,2717,548,823,632,545,969,80,301
"gene-Peve_00001106","HNRNPC-201",376,568,177,183,610,213,605,187,286,221,745,211,289,351,325,519,364,333,289,387,277,168,226,244,383,443,244,129,218,329,490,158,468,229,218,235,195,182
"gene-Peve_00001201","USP13-201",85,176,44,68,242,69,41,20,75,262,361,110,107,196,206,153,171,168,110,172,132,65,224,219,318,276,368,121,39,83,80,59,122,57,168,73,139,112
"gene-Peve_00001717","PPP1R3D-201",1538,1123,583,492,1123,573,1484,385,218,789,2084,760,1150,942,1446,1268,1028,393,423,1817,639,414,587,1513,1942,1651,1389,996,205,850,1307,507,1159,633,394,1717,435,634
"gene-Peve_00001862","HNRNPA2B1-201",683,999,1130,673,1856,757,1028,655,479,699,1578,859,1000,983,1216,2591,1651,1111,200,904,562,135,506,250,435,541,403,216,514,481,726,210,1058,198,437,261,336,170
"gene-Peve_00001903","PPP4C-201",160,297,195,29,276,102,202,175,103,67,386,168,128,120,170,195,322,179,206,166,159,113,141,292,228,262,124,83,59,83,140,66,109,42,132,81,85,57
"gene-Peve_00001916","Prdm4-207",0,0,0,0,0,0,0,0,0,0,0,0,0,0,0,0,0,0,0,0,0,0,0,0,0,0,0,0,0,0,0,0,0,0,0,0,0,0
"gene-Peve_00001955","Kat5-201",1010,387,217,257,455,142,691,126,119,437,789,287,298,440,612,467,420,276,499,331,144,264,718,875,576,920,394,275,77,269,757,205,282,168,626,447,219,393
"gene-Peve_00002216","Prmt7-201",70,163,97,42,94,35,78,20,37,80,93,32,51,28,144,179,106,137,32,58,25,8,32,46,22,52,51,11,27,36,20,7,60,6,57,0,30,0
"gene-Peve_00002272","Mbd2-201",212,130,79,12,146,67,70,44,21,94,165,38,26,32,79,90,94,53,137,21,50,73,149,140,72,220,42,70,16,34,97,40,26,50,62,82,47,67
"gene-Peve_00002288","Sirt6-201",150,95,57,40,137,55,77,47,23,96,141,41,65,57,78,165,90,68,128,60,47,50,148,151,90,192,134,56,18,37,63,27,49,47,216,91,76,179
"gene-Peve_00002408","USP30-201",62,112,52,19,87,28,60,45,0,87,39,36,25,37,41,60,99,64,55,23,41,37,85,73,35,90,40,35,14,11,59,30,55,15,58,0,32,20
"gene-Peve_00002411","PPP1CA-203",2372,1723,568,639,1306,446,1949,429,661,842,2167,887,1157,1314,1730,1432,1105,533,1501,1324,603,677,1089,1609,1762,2276,981,762,201,797,1635,560,1341,481,1056,977,394,658
"gene-Peve_00002430","RPUSD4-201",14,18,0,0,36,12,7,14,0,41,13,3,0,0,8,32,18,10,18,19,0,4,31,7,14,22,4,0,5,0,7,0,0,0,27,0,0,0
"gene-Peve_00002799","PPP1R16A-202",667,550,269,205,684,247,329,185,89,925,534,112,167,294,289,754,469,440,416,165,186,215,576,710,180,746,118,129,88,138,297,254,215,107,484,204,97,239
"gene-Peve_00002923","Kat1-Hat1-201",65,208,79,41,141,99,252,136,45,121,245,75,87,138,146,158,88,197,40,142,64,29,101,74,136,119,40,46,27,33,106,52,99,17,0,12,0,10
"gene-Peve_00003185","PPP1R12B-216",3726,1897,1033,1453,1919,448,1703,485,389,3912,2399,600,1754,2442,1668,3712,1256,1537,1886,1062,650,932,3448,2206,1374,2332,777,585,347,398,1768,928,1343,409,2675,869,460,1846
"gene-Peve_00003553","YWHAQ-201",5809,4195,949,762,2716,1191,2750,1133,663,2273,4987,1240,1176,2001,2295,2686,2004,1430,3014,1857,894,1451,2180,4404,1720,4420,897,909,473,1251,2814,1261,1272,1136,1426,2237,660,1525
"gene-Peve_00003674","PUS7L-201",45,95,19,19,54,24,40,10,6,37,41,17,6,42,30,55,33,18,19,18,22,12,53,20,18,47,17,7,0,13,23,33,42,6,73,28,28,9
"gene-Peve_00003954","H1-0-201",0,0,0,0,0,0,0,0,0,4,109,0,0,0,0,0,0,0,0,0,0,4,0,0,0,0,0,0,2,10,0,0,0,0,0,0,0,0
"gene-Peve_00003957","Hdac3-201",339,647,296,172,550,204,422,248,66,453,695,204,298,350,418,628,570,432,248,322,236,171,421,398,399,567,220,111,154,149,458,151,351,135,297,164,176,181
"gene-Peve_00004144","SLK-202",289,158,74,95,195,40,181,41,30,153,297,76,126,149,121,232,122,61,285,71,47,70,202,149,46,230,79,79,20,38,173,71,170,34,146,82,87,119
"gene-Peve_00004296","Arh3-Adprs-201",25,191,53,24,91,68,49,70,29,45,194,50,69,96,81,231,170,148,25,85,48,3,72,47,80,87,27,22,31,16,58,21,50,15,69,15,35,6
"gene-Peve_00004388","NAT10-201",40,149,78,22,87,45,40,54,37,114,144,39,33,59,55,151,65,58,28,39,48,26,78,39,70,80,53,0,25,19,54,24,42,8,81,21,48,17
"gene-Peve_00004487","Kat8-201",364,393,239,55,343,115,207,173,25,277,257,100,87,95,163,293,334,245,254,50,81,144,273,291,120,373,92,95,68,67,66,105,72,28,302,69,118,171
"gene-Peve_00004753","USP39-201",195,641,206,90,406,222,338,224,142,260,574,182,207,208,359,518,397,291,159,290,100,101,266,184,229,261,116,67,76,132,250,74,195,55,176,60,89,106
"gene-Peve_00004929","Kat13D-Clock-201",284,79,56,35,126,45,77,55,8,43,86,42,26,43,100,94,97,43,146,41,30,54,138,182,98,271,21,50,29,38,72,61,42,20,235,92,63,103
"gene-Peve_00004957","Parp11-201",99,142,209,74,500,149,253,186,111,199,277,93,167,89,75,442,414,235,226,168,136,38,132,74,62,139,74,31,45,43,112,84,137,43,163,62,63,38
"gene-Peve_00004975","USP11-201",2754,878,488,426,1004,366,846,344,219,793,1254,545,564,729,1077,955,813,657,1999,664,345,753,1983,2221,911,2523,520,407,159,354,929,434,514,347,1105,907,489,1215
"gene-Peve_00005354","Kmt3b-Nsd1-201",459,753,780,202,810,299,332,265,99,1483,676,236,320,420,174,1637,915,982,865,205,346,237,921,532,220,715,257,164,84,77,403,199,278,50,930,138,209,204
"gene-Peve_00006057","MCPH1-201",163,86,38,125,159,26,107,26,38,120,216,55,87,160,154,181,69,161,42,97,23,11,57,28,24,76,11,0,39,47,30,19,58,13,32,3,12,4
"gene-Peve_00006197","ADAR-202",237,119,73,18,170,69,74,74,36,71,115,32,36,23,71,136,132,72,222,29,53,53,187,196,87,243,37,13,36,15,102,26,39,34,109,78,92,102
"gene-Peve_00006200","TRDMT1-203",26,42,22,7,51,24,11,19,23,40,66,23,34,21,49,52,36,38,35,12,43,29,47,18,63,63,60,13,18,14,29,13,46,17,41,8,17,48
"gene-Peve_00006231","VCPIP1-201",311,297,343,155,454,237,220,152,89,377,323,184,136,161,197,561,548,299,341,205,228,132,313,309,160,632,203,128,112,103,143,167,200,89,436,116,187,241
"gene-Peve_00006850","Kmt5aâ€”Setd8-202",102,91,42,19,62,17,22,23,10,189,170,43,27,28,53,108,62,76,48,17,29,7,142,34,118,80,25,32,6,5,53,28,44,12,29,17,41,45
"gene-Peve_00006950","STAMBPL1-203",118,184,64,38,158,45,51,39,30,173,175,58,57,94,44,188,128,136,125,69,49,76,249,126,91,157,72,32,29,26,91,71,44,27,152,61,56,60
"gene-Peve_00006971","Chuk-201",505,644,375,268,745,235,532,183,204,485,1012,223,358,536,532,617,571,415,534,387,224,114,692,465,382,804,304,111,162,175,489,245,379,175,389,226,135,183
"gene-Peve_00007016","USP36-201",754,233,237,193,458,131,243,127,95,836,506,147,223,191,250,891,306,356,542,166,249,191,957,534,291,669,236,106,98,89,231,214,166,74,516,164,189,314
"gene-Peve_00007106","Arh1-Adprh-201",128,326,146,57,298,108,196,154,65,81,431,78,84,127,143,188,303,186,61,195,60,41,55,33,76,79,22,47,52,68,67,24,69,11,86,37,32,21
"gene-Peve_00007168","Jmjd7-201",10,5,6,0,34,11,13,5,8,9,15,5,4,4,6,9,9,15,11,14,8,4,4,14,3,22,11,3,0,0,7,5,0,0,14,2,0,9
"gene-Peve_00007263","BRD4-201",5259,1289,911,1542,1485,456,2888,388,526,3139,2145,662,1654,1929,2703,2759,1252,1146,2890,1182,618,901,3850,3389,2230,3301,1279,812,304,739,3494,1589,1084,674,2347,1601,523,1537
"gene-Peve_00007373","JKAMP-214",196,213,223,125,372,136,256,84,74,327,343,135,160,247,361,576,455,306,205,296,192,72,81,49,94,57,133,92,82,95,119,26,86,22,234,123,127,52
"gene-Peve_00007386","CUL4A-202",407,678,365,185,812,397,640,284,173,943,840,318,422,528,619,816,582,578,716,407,400,273,500,419,520,689,294,203,139,193,538,174,405,148,653,208,327,388
"gene-Peve_00007462","USP3-202",102,123,67,40,226,51,82,88,50,81,216,72,49,52,55,195,175,126,103,99,48,58,133,86,97,193,75,28,11,37,42,73,76,17,136,35,85,41
"gene-Peve_00007463","Kat13A-Ncoa1-201",3111,2517,2096,1294,3306,1275,2768,1222,757,2238,3507,1116,2018,1803,2801,2931,2998,1848,2557,2062,1491,1075,2746,2347,2147,3965,1588,952,710,1218,2540,894,2112,1050,3256,1746,1295,1686
"gene-Peve_00007510","Dnmt1-201",0,71,16,10,82,14,37,11,22,5,78,22,30,37,25,37,55,57,12,39,0,0,10,18,9,8,0,0,14,18,44,17,47,10,20,17,4,2
"gene-Peve_00007557","Prmt5-201",125,223,87,52,272,97,177,113,104,198,354,96,113,205,136,234,202,182,114,243,132,90,138,68,266,259,170,78,113,148,123,55,121,72,75,62,112,70
"gene-Peve_00007660","DAPK3-202",182,178,78,42,155,62,79,7,55,152,274,88,117,156,81,96,76,56,117,87,108,110,113,125,174,175,72,49,19,49,216,64,79,25,152,94,55,77
"gene-Peve_00007731","Prdm16-206",46,454,250,53,385,127,108,120,96,165,340,84,110,118,33,129,175,139,66,137,109,53,116,62,65,93,69,65,76,71,67,33,154,20,155,35,60,39
"gene-Peve_00007768","UBA6-201",113,219,179,88,245,100,284,64,134,267,423,121,140,238,295,441,315,187,188,222,108,85,278,170,166,245,196,47,85,127,262,91,188,161,278,120,112,108
"gene-Peve_00007875","COPS6-201",139,287,112,56,142,115,187,119,65,113,231,84,79,61,108,162,217,97,120,145,68,60,113,152,113,188,113,41,39,57,104,21,75,47,99,100,92,78
"gene-Peve_00007914","PUS10-201",41,80,47,16,64,18,54,53,0,14,34,8,7,29,47,32,76,42,44,11,28,5,35,39,43,63,13,17,32,4,76,29,73,14,20,0,32,0
"gene-Peve_00007923","RNF40-201",937,822,508,211,1056,460,833,455,334,1282,1333,421,445,445,681,1544,1007,682,1077,732,629,648,927,868,1106,1045,552,560,263,241,798,315,685,268,949,336,460,501
"gene-Peve_00007944","Prdm13-202",36,41,33,12,9,27,28,41,3,11,47,36,5,13,36,100,55,14,16,38,5,17,54,68,35,57,7,8,12,18,32,34,20,16,38,30,3,6
"gene-Peve_00008061","Kmt7-Setd7/9-201",0,0,0,0,0,0,0,0,0,0,0,0,0,0,0,0,0,2,0,0,0,0,0,0,0,0,0,0,0,0,0,0,0,0,0,0,0,0
"gene-Peve_00008102","FMR1-201",1366,248,211,251,492,103,1062,61,215,384,622,101,369,455,941,449,271,250,497,206,69,335,1331,843,535,693,102,252,32,455,918,248,258,234,366,684,78,441
"gene-Peve_00008289","PSMD7-201",867,513,124,112,186,145,173,113,42,365,399,122,115,225,304,465,273,217,502,86,129,233,379,954,363,960,98,95,39,113,268,150,82,149,155,209,66,213
"gene-Peve_00008443","Parp14-201",1433,515,399,1061,540,231,2310,162,397,568,0,0,0,0,2345,2122,940,645,1593,3504,600,790,0,0,0,0,354,383,160,969,0,0,0,0,895,2728,260,853
"gene-Peve_00008516","ZRANB1-201",297,194,99,209,269,88,319,97,98,228,354,115,151,191,338,406,308,211,309,318,164,137,238,232,177,344,173,154,97,192,217,104,190,72,325,191,107,140
"gene-Peve_00008524","Egr1-202",13767,83432,23387,9555,69151,23955,50807,4191,35794,35344,125785,45692,48217,46003,23806,71488,61373,8306,3626,74121,30432,2060,8862,5260,61958,6739,50975,19721,15082,19048,27211,2091,75826,5445,2131,9469,15613,3572
"gene-Peve_00008765","WEE1-202",47,133,31,14,116,38,62,52,38,59,284,45,60,51,101,128,119,129,32,78,22,21,41,55,25,86,29,8,22,35,49,17,52,14,13,9,13,9
"gene-Peve_00008825","RPUSD2-201",64,42,11,30,40,19,25,19,10,95,73,9,37,53,39,80,17,26,21,13,20,0,46,42,19,12,21,23,11,22,17,14,47,6,29,31,0,19
"gene-Peve_00009071","TRMT1-202",64,96,29,8,153,31,46,33,7,105,160,27,38,45,40,166,123,96,70,26,32,29,62,95,17,109,32,12,32,0,31,21,31,15,52,18,19,39
"gene-Peve_00009242","YTHDC1-201",1459,896,590,740,1191,348,750,247,343,2419,1316,338,823,1084,730,1509,741,972,897,360,271,272,1886,1034,556,929,388,318,205,233,706,418,557,132,545,401,313,715
"gene-Peve_00009281","NSUN2-201",335,307,170,171,429,176,322,117,103,529,339,132,150,223,295,518,290,258,211,177,80,82,206,257,191,252,184,143,71,156,425,116,279,128,244,224,136,92
"gene-Peve_00009649","PPP1R11-205",0,16,6,0,73,19,25,11,11,48,33,0,13,7,24,33,65,40,77,39,30,46,45,80,93,127,10,0,0,10,21,19,34,20,46,53,19,34
"gene-Peve_00009726","Kat2a-202",87,152,65,46,134,45,89,68,24,107,154,48,51,50,64,214,151,72,39,104,43,38,43,48,45,96,69,24,34,32,35,40,60,5,103,25,60,44
"gene-Peve_00009964","Ogt-201",2931,2358,1928,1158,3270,1160,4122,985,1750,3163,3386,1049,2316,1943,3509,2868,2494,1513,2754,1985,1414,1230,4279,2353,2917,2799,2205,1901,662,1551,3469,1408,2365,788,3725,2073,1982,2161
"gene-Peve_00010001","HASPIN-201",6,60,9,9,32,0,4,21,7,0,48,11,18,10,0,20,11,24,7,0,3,0,4,0,0,14,0,0,17,3,4,7,0,6,7,0,0,0
"gene-Peve_00010453","VIRMA-201",306,559,392,314,467,252,518,205,268,272,544,161,307,343,297,485,257,264,219,344,179,136,327,252,510,408,286,126,154,243,440,112,475,216,366,165,168,120
"gene-Peve_00010858","RPS6KA5-207",458,292,206,216,543,129,335,102,111,314,515,164,231,250,340,547,399,208,257,268,136,189,1294,433,267,473,119,113,85,184,522,176,337,84,293,174,120,99
"gene-Peve_00010926","Senp8-206",47,74,5,18,22,6,13,19,7,20,31,19,22,16,15,28,49,39,47,13,9,21,28,19,53,43,17,0,0,1,25,10,41,7,29,18,13,24
"gene-Peve_00010989","Hdac8-201",22,29,4,17,8,0,23,0,3,0,36,7,12,0,52,7,30,20,31,8,0,0,7,6,4,30,0,0,0,0,0,0,6,10,11,12,0,18
"gene-Peve_00011107","OTUD6B-201",87,142,45,56,126,27,50,44,14,163,92,69,38,66,100,186,78,90,63,44,31,24,150,81,38,123,36,16,18,9,64,54,55,20,71,31,23,27
"gene-Peve_00011277","UBR2-202",567,527,352,345,660,282,828,325,329,475,949,341,444,430,597,513,611,361,480,629,546,356,488,387,896,643,539,343,275,409,573,235,421,225,460,234,249,251
"gene-Peve_00011375","PKN1-201",2096,1006,870,499,1377,566,893,431,245,1235,1776,548,611,928,841,1730,1576,940,2221,623,433,722,1340,2028,675,2417,448,400,247,290,744,477,768,344,1293,999,408,1072
"gene-Peve_00011466","Kmt3a-Setd2-201",947,604,388,1534,561,230,4480,160,1344,386,4097,448,1779,2631,2743,1099,509,306,237,4455,220,206,391,564,2862,683,821,793,124,2148,3932,421,1810,822,657,1361,123,307
"gene-Peve_00011728","Prdm12-201",14,12,11,14,8,11,0,17,9,15,8,14,13,0,6,19,28,8,0,0,10,7,19,20,15,38,7,0,0,0,7,10,3,10,25,7,6,7
"gene-Peve_00011815","COPS5-201",162,299,88,57,257,72,228,76,54,203,259,82,88,103,70,215,225,107,105,167,109,75,66,142,104,205,121,129,48,66,168,42,160,65,128,73,94,34
"gene-Peve_00012020","PKM-202",356,877,321,281,723,284,712,286,277,353,697,200,319,403,359,507,531,282,199,464,115,108,183,246,210,271,113,69,149,240,478,185,570,167,141,212,110,60
"gene-Peve_00012223","BLOC1S1-203",66,108,43,13,127,93,73,63,62,162,145,47,56,87,38,154,125,95,58,57,61,52,49,32,92,89,39,48,20,50,60,30,48,16,55,38,41,36
"gene-Peve_00012281","Kmt2d-201",1223,964,1256,1019,1450,508,1561,468,389,3985,2301,675,1546,1576,1313,4626,1266,990,1370,1029,542,462,2539,1590,1339,1879,712,470,323,419,1511,858,1341,367,3946,675,484,840
"gene-Peve_00012531","Kdm3c-Jmjd1c-211",784,631,627,505,1023,235,571,236,203,2976,1136,250,698,934,656,2097,717,732,895,440,366,294,1633,831,755,1157,748,270,182,179,483,360,571,191,1307,277,326,529
"gene-Peve_00012616","UBA2-201",90,186,54,71,104,41,93,26,56,123,242,61,36,78,143,182,106,74,114,89,51,57,95,148,104,147,34,22,21,0,151,39,96,29,131,39,67,59
"gene-Peve_00012697","Hdac4-201",2413,821,595,1613,884,333,2664,286,411,1322,2641,463,931,1546,3647,1390,892,561,1241,2091,486,533,1015,1717,1293,2662,605,544,238,1399,3625,1365,1286,1973,1381,3218,418,1469
"gene-Peve_00012762","mapk8b-203",379,353,98,85,331,162,370,138,110,150,314,141,118,148,177,166,271,118,210,301,178,166,151,328,281,469,129,114,92,92,259,80,161,113,233,142,124,182
"gene-Peve_00012833","RNF8-202",158,95,49,56,92,42,79,33,16,238,92,28,25,78,95,186,140,94,132,26,45,56,114,147,76,194,70,80,30,19,59,73,90,23,160,43,57,59
"gene-Peve_00012859","Kat12-Gtf3c4-201",8,3,10,0,1,7,5,9,3,3,10,4,3,2,21,8,10,9,6,0,1,4,9,10,2,7,3,0,0,1,7,12,3,0,3,7,12,4
"gene-Peve_00012955","Kat14-201",44,77,53,17,43,21,21,25,10,31,49,24,18,44,19,61,58,24,45,14,32,9,131,21,26,50,22,13,19,24,15,20,25,6,29,11,44,3
"gene-Peve_00013005","DCP2-201",348,230,202,49,316,134,233,96,75,315,402,173,197,128,282,259,312,176,338,130,155,156,470,516,347,573,220,122,54,97,239,114,136,79,213,224,127,268
"gene-Peve_00013020","TRIM37-201",424,307,198,156,279,118,173,93,147,373,321,90,130,146,185,308,235,162,399,257,130,126,517,301,265,482,258,184,83,121,280,130,317,85,321,81,110,188
"gene-Peve_00013275","Sumo2-207",1142,2080,571,238,1240,835,958,557,424,913,1841,807,593,954,1017,1065,1108,703,567,728,381,296,837,1001,830,1338,506,467,213,422,832,275,650,362,300,867,378,458
"gene-Peve_00013276","METTL6-202",121,152,78,44,139,49,72,52,25,165,127,93,77,86,122,130,139,109,90,39,64,69,122,90,105,139,72,28,17,19,50,39,65,20,103,40,47,114
"gene-Peve_00013366","MAPK3-201",371,843,310,141,740,302,629,304,248,495,841,298,277,309,441,558,771,437,337,383,426,350,343,400,668,700,358,184,203,254,443,184,404,271,459,264,280,168
"gene-Peve_00013425","HIRA-201",117,332,168,92,327,117,154,120,114,214,376,105,181,163,150,265,231,146,167,220,102,71,133,141,150,164,162,66,59,78,168,77,134,37,190,83,114,85
"gene-Peve_00013497","JOSD1-210",42,191,105,8,106,96,48,57,31,154,139,49,24,112,24,161,101,111,65,28,59,29,133,55,31,124,49,32,36,11,45,44,26,17,130,7,45,21
"gene-Peve_00013534","DDB1-201",68,386,248,43,394,156,256,175,263,106,506,134,210,139,261,178,329,202,56,313,172,54,131,112,221,156,156,117,122,141,225,39,276,92,162,113,72,56
"gene-Peve_00013719","USP34-201",191,280,344,226,570,216,381,204,199,298,451,185,277,268,266,608,371,262,397,324,393,190,232,230,581,406,406,230,182,204,269,213,361,111,691,162,365,358
"gene-Peve_00013892","H1-8-201",251,206,88,79,59,33,164,46,32,21,241,52,66,79,205,269,233,55,65,142,77,19,33,65,48,57,32,40,14,48,213,186,114,66,57,60,40,42
"gene-Peve_00013987","PARP15-202",9,6,0,0,12,0,26,8,4,0,8,0,0,0,6,48,9,0,20,29,5,3,0,15,0,8,0,0,0,8,19,0,0,5,0,15,0,11
"gene-Peve_00014186","MACROH2A1-201",988,2704,1091,714,2192,844,1687,810,498,956,3825,1094,1549,1716,1429,1738,1830,1199,1157,1596,899,522,979,781,794,1367,422,269,401,646,2536,794,2040,1128,1120,865,577,665
"gene-Peve_00014294","PPP1R3G-201",7,98,59,0,133,52,17,57,0,8,52,19,30,26,29,40,141,33,3,8,10,0,9,0,3,3,0,6,17,0,20,0,21,0,3,4,13,0
"gene-Peve_00014397","UBE2Z-201",444,227,186,118,317,122,138,101,82,483,257,81,91,123,164,195,180,115,272,101,73,141,470,416,227,483,107,154,59,94,168,100,152,50,300,189,84,190
"gene-Peve_00014570","ZC3H12B-201",5904,7989,4463,3420,10701,3598,8867,1042,4303,18057,16196,7347,6467,11729,6722,14514,8951,1182,1635,11147,8448,2772,3960,3082,20707,4194,16872,7789,2343,3632,8695,1133,12804,1881,1616,3137,4034,1682
"gene-Peve_00014804","Kmt2e-202",3632,1373,1253,1124,1988,721,1497,741,410,2301,2117,819,1250,1026,2204,2842,1734,1366,2818,1134,1197,1341,2961,2172,1195,3446,1273,720,639,838,1325,1139,1155,667,3456,1987,1065,2352
"gene-Peve_00015294","Kmt1c-Ehmt2-201",89,372,184,94,259,108,332,102,129,125,421,122,210,184,156,344,356,210,57,164,105,18,67,44,145,54,79,60,116,85,128,23,248,14,101,59,51,31
"gene-Peve_00015488","MPND-207",19,95,48,22,151,54,161,53,44,92,181,41,27,57,61,142,96,94,57,71,40,12,31,20,26,18,32,46,28,20,34,35,36,9,37,44,11,17
"gene-Peve_00015518","DLAT-201",374,1087,472,342,739,310,767,282,194,356,868,255,289,521,506,919,525,478,268,296,176,99,520,513,446,589,285,162,249,298,313,72,241,122,343,337,275,260
"gene-Peve_00015531","YTHDF1-202",1745,960,573,464,861,357,1309,462,387,661,1241,385,500,674,1059,790,883,539,1177,495,360,726,1076,1444,760,1572,375,500,293,680,1123,525,518,463,804,1165,440,768
"gene-Peve_00015687","Kmt8-Prdm2-201",4,5,4,2,8,5,3,2,2,8,4,0,3,2,0,4,3,2,4,0,3,4,5,1,0,8,5,3,0,0,2,7,4,0,3,1,1,0
"gene-Peve_00015726","Ezh1-203",296,319,186,115,261,130,176,103,46,339,310,80,100,115,139,235,192,168,222,191,125,84,531,255,166,317,185,113,50,79,147,63,154,39,226,53,53,64
"gene-Peve_00015788","PPP1R13B-201",78,157,134,83,156,60,88,58,34,230,79,28,41,49,78,342,137,139,83,49,80,37,178,51,63,151,111,28,59,17,21,27,48,8,149,21,54,22
"gene-Peve_00015813","Baz2b-201",170,548,470,256,712,242,413,244,225,1148,892,302,477,463,329,1149,593,489,418,331,270,140,470,282,394,354,337,186,152,119,302,208,495,72,758,116,241,135
"gene-Peve_00016232","DTX3L-201",11,23,0,17,13,0,128,79,0,30,218,160,127,149,0,0,0,0,0,0,0,0,131,243,152,226,0,0,0,0,315,106,263,139,0,0,0,0
"gene-Peve_00016435","Sirt4-201",18,19,32,4,18,5,16,17,0,6,7,4,0,6,21,17,25,23,31,0,3,6,14,13,0,36,0,0,0,0,18,7,9,0,0,0,0,5
"gene-Peve_00016482","Prdm14-201",2,26,15,12,3,9,0,7,0,7,0,6,0,19,11,11,32,5,10,10,3,5,21,12,0,14,0,0,0,0,33,6,4,12,15,9,6,2
"gene-Peve_00016493","PRKAA2-201",782,344,163,145,358,142,398,178,77,324,413,152,119,165,276,307,294,156,463,304,165,199,361,507,325,814,267,357,58,202,259,141,141,174,334,370,168,198
"gene-Peve_00016702","ATF2-201",994,264,148,345,256,141,832,178,221,404,1037,345,339,379,757,476,237,128,642,751,257,248,311,800,826,1010,464,331,66,514,856,378,427,302,415,700,285,287
"gene-Peve_00016848","USP40-208",0,45,0,41,5,4,11,0,4,0,152,48,74,80,0,9,6,0,27,63,66,19,16,17,15,9,111,16,11,38,42,13,54,0,78,41,68,41
"gene-Peve_00016898","APBB1-221",1894,761,768,1056,1241,386,1402,370,271,1608,1566,489,868,1165,1692,2333,1121,895,2295,809,415,485,1369,1896,777,2075,866,754,363,692,1618,842,898,455,1834,1135,279,1017
"gene-Peve_00016940","TOM1-209",413,280,103,54,393,178,290,170,87,252,598,166,142,245,361,365,369,165,407,245,208,238,328,560,308,729,241,150,79,212,293,186,173,173,271,342,226,249
"gene-Peve_00017258","CHEK1-204",6,42,0,0,45,6,16,23,7,9,35,6,8,20,5,14,16,24,72,74,31,27,0,15,0,0,7,3,12,6,20,8,12,8,10,15,0,0
"gene-Peve_00017312","Prdm15-201",292,50,38,113,121,13,166,7,37,106,387,56,191,459,168,105,59,62,90,199,11,24,29,127,181,106,40,43,7,35,261,37,57,26,82,47,8,37
"gene-Peve_00017539","ZC3H13-201",376,545,473,398,904,315,484,215,231,1569,877,208,556,777,510,1736,643,772,433,247,188,147,867,536,410,528,277,90,145,115,372,296,330,100,701,160,149,267
"gene-Peve_00017615","PPP1R9A-206",1943,871,807,889,1773,654,1427,351,491,3698,2027,578,999,1523,1492,2583,1290,960,1104,1270,593,488,1442,2199,1925,2506,1185,503,289,447,1653,642,1160,339,1657,841,412,812
"gene-Peve_00017826","IGF2BP2-204",21,63,0,0,14,0,38,0,0,28,40,17,20,0,30,16,15,9,23,20,9,5,39,24,11,22,0,0,0,18,17,27,17,12,20,15,5,8
"gene-Peve_00017924","ALKBH1-201",64,65,19,28,66,34,31,20,4,31,16,10,7,9,45,28,57,53,77,24,7,38,94,108,23,111,20,33,3,32,43,14,16,11,64,38,25,28
"gene-Peve_00017994","Kat3A-Crebbp-201",2088,614,579,681,1033,379,906,297,294,1616,1054,317,510,477,935,1696,801,631,1743,525,521,741,1395,1466,728,2247,650,393,237,403,699,622,490,469,1711,1076,599,1615
"gene-Peve_00018098","PPP1R2-206",79,172,103,29,30,17,31,19,9,61,190,98,94,127,32,43,43,29,85,118,89,44,143,46,125,118,32,25,12,15,18,8,15,6,27,7,28,0
"gene-Peve_00018162","PPP1R7-201",53,149,39,25,0,0,45,64,0,0,101,35,53,51,13,57,66,53,26,17,19,28,0,0,0,0,23,0,13,8,35,19,48,13,22,2,0,5
"gene-Peve_00018303","ARID1A-201",693,613,601,266,779,342,582,301,180,541,796,313,439,408,474,958,730,534,710,336,312,314,909,627,438,1102,339,168,252,203,519,323,491,196,996,310,318,462
"gene-Peve_00018519","Hspbap1-202",162,30,7,32,13,7,120,12,6,63,147,26,21,37,136,40,20,47,56,68,11,39,124,143,33,186,41,30,8,17,124,79,25,34,113,81,64,62
"gene-Peve_00018829","DLK1-202",583,447,259,229,443,221,341,176,216,306,496,233,236,230,317,318,438,184,361,465,232,211,228,371,415,499,331,238,140,359,505,152,300,162,316,196,205,192
"gene-Peve_00018941","Riox1-201",22,24,32,14,33,26,28,11,0,18,46,8,13,22,10,53,27,50,13,42,18,0,15,0,18,10,4,17,0,5,6,6,7,5,9,0,16,2
"gene-Peve_00019246","Smyd5-201",0,44,26,23,26,5,16,5,16,11,56,7,23,22,23,81,46,24,34,5,34,0,20,13,30,35,15,7,11,10,23,6,28,10,25,8,14,11
"gene-Peve_00020054","GTF3C2-201",87,130,94,132,143,45,144,43,44,176,255,52,63,101,189,363,164,157,80,84,47,22,69,59,80,73,143,79,41,36,104,38,115,19,76,39,54,32
"gene-Peve_00020104","RNF168-201",13,50,23,16,33,5,10,7,0,39,58,10,4,11,0,63,28,38,9,0,24,0,36,35,8,24,0,5,6,0,5,12,11,0,15,0,3,6
"gene-Peve_00020454","NSUN6-201",27,65,39,5,55,48,77,39,14,35,42,0,20,25,43,92,56,82,7,26,27,9,0,0,0,10,14,14,19,25,36,20,28,11,39,40,25,20
"gene-Peve_00020511","ATM-229",127,183,175,141,135,85,344,97,74,115,370,110,207,235,265,438,239,253,58,158,47,16,60,115,78,106,61,14,52,96,226,93,179,68,112,145,61,56
"gene-Peve_00020801","BRCA1-203",9,37,74,41,32,9,74,13,0,2,74,24,34,39,59,74,46,122,33,54,0,0,46,42,10,20,6,0,7,11,34,17,21,7,44,10,5,0
"gene-Peve_00020822","Kdm8-201",17,19,23,6,3,3,0,3,0,5,0,0,0,0,0,5,21,17,15,11,6,34,8,13,2,22,20,8,5,7,23,11,8,9,9,4,8,8
"gene-Peve_00021028","Kat4-Taf1-206",241,649,599,408,730,318,402,176,142,1523,882,334,596,953,451,1596,607,627,375,345,263,167,830,309,475,547,369,132,198,170,496,204,464,89,609,139,202,272
"gene-Peve_00021261","Parp10-201",324,204,142,143,133,41,296,49,37,156,147,67,90,91,394,487,146,112,179,171,86,38,202,301,85,292,50,25,34,56,244,99,69,87,65,120,25,80
"gene-Peve_00021327","METTL2B-201",26,67,13,18,89,21,25,16,12,80,163,23,39,26,39,64,35,20,108,22,20,54,62,43,66,63,55,20,0,23,44,15,12,10,57,13,27,25
"gene-Peve_00021436","STK4-202",517,642,217,198,550,252,720,190,150,576,930,321,353,645,468,736,465,324,416,392,217,152,342,294,451,409,325,226,90,157,571,199,388,108,270,159,148,90
"gene-Peve_00021689","DBF4-201",6,86,21,9,67,14,11,8,21,31,74,20,14,59,12,198,40,88,6,23,0,3,5,0,5,17,0,0,18,0,20,17,29,4,25,0,0,2
"gene-Peve_00021726","PPP1R10-201",1898,451,372,447,499,174,1023,213,92,598,1035,331,426,640,1272,856,555,401,1211,448,162,436,1585,1429,562,1571,448,269,105,375,1250,562,459,360,734,470,107,498
"gene-Peve_00021796","UBA5-202",295,200,90,51,162,81,155,111,45,181,225,83,69,95,109,241,205,98,165,85,106,57,256,240,162,191,85,80,24,35,96,37,98,24,123,64,64,117
"gene-Peve_00021948","OTUD4-201",664,623,456,343,1086,397,684,240,270,1940,851,281,424,428,854,1487,840,721,765,436,354,412,716,634,576,1132,493,308,192,273,883,476,684,342,1075,416,432,508
"gene-Peve_00022566","PPP1R8-202",196,218,131,36,184,118,133,58,54,212,199,84,55,68,62,196,193,121,187,111,98,88,174,182,156,234,159,83,49,32,115,65,88,27,87,66,81,139
"gene-Peve_00022617","EYA1-202",356,835,554,222,941,370,597,346,189,663,1062,318,415,485,320,1153,804,597,534,454,274,315,640,428,438,441,256,182,212,123,409,182,537,85,563,220,226,174
"gene-Peve_00022624","Kmt5b-206",1110,449,229,235,391,124,360,130,104,244,445,251,189,163,430,259,399,210,1003,265,310,447,675,1181,710,1142,370,322,100,218,380,202,244,173,404,524,281,508
"gene-Peve_00023309","Kmt2a-201",462,208,214,167,284,102,191,105,20,457,268,40,59,144,157,556,226,271,303,98,130,152,371,184,100,235,110,32,40,25,175,120,160,47,296,66,92,135
"gene-Peve_00023669","PIM1-201",31,51,24,7,60,24,31,38,5,18,25,9,21,31,30,45,66,17,53,26,25,19,82,33,23,49,6,7,8,21,29,29,31,10,60,8,16,7
"gene-Peve_00023794","Uhrf1-201",572,538,384,489,351,120,218,69,73,550,816,173,532,857,388,856,336,588,223,153,56,55,445,225,118,307,134,98,84,211,365,74,335,57,231,66,19,93
"gene-Peve_00023795","RBM15-201",557,539,455,160,581,349,632,364,320,321,542,207,331,233,583,491,597,376,622,317,309,303,548,656,329,713,321,330,136,293,421,338,227,232,496,336,225,356
"gene-Peve_00023821","Setd4-201",0,22,0,0,18,9,0,15,0,15,28,5,7,6,8,24,24,23,12,0,3,5,10,14,15,24,0,4,0,0,17,0,10,8,16,2,5,11
"gene-Peve_00023930","Dnmt3a-201",37,273,65,70,166,60,95,72,40,90,160,38,38,47,34,173,232,162,54,73,25,11,118,67,24,79,6,11,59,17,59,60,71,63,173,38,16,34
"gene-Peve_00024087","Zbtb38-201",0,0,0,7,0,0,6,0,5,0,26,0,0,0,5,0,0,0,2,0,0,0,15,8,9,8,3,0,0,11,0,0,0,0,0,0,0,8
"gene-Peve_00024122","MYSM1-202",10,8,5,0,21,13,13,8,4,7,19,2,0,0,23,14,18,13,178,28,33,71,20,20,5,22,0,11,7,4,12,13,18,6,16,9,0,29
"gene-Peve_00024185","Setmar-201",49,75,10,3,21,17,13,33,5,15,56,38,39,19,5,48,51,34,46,39,28,21,37,21,51,52,4,2,8,3,16,6,22,6,81,17,17,28
"gene-Peve_00024280","map3k22-202",918,117,119,167,225,63,281,114,53,240,218,79,142,188,438,273,185,85,511,128,103,358,356,468,155,867,101,118,45,197,384,217,130,237,562,808,90,704
"gene-Peve_00024327","USP24-201",1080,920,986,637,1553,557,1098,407,364,1216,1551,565,814,926,1135,1510,1162,863,1056,797,548,384,1137,830,893,1349,915,405,359,421,958,436,760,301,1347,474,431,700
"gene-Peve_00024382","Kdm7a-201",689,435,220,270,363,190,632,97,207,257,830,204,311,517,472,387,334,236,384,454,156,274,329,689,681,830,282,426,76,333,619,295,412,479,286,871,141,317
"gene-Peve_00024386","Kdm5b-201",4076,1729,1469,1712,2595,835,2248,733,791,4803,2378,818,1627,1915,2306,4258,1898,1661,3666,1138,1385,1381,3944,2992,2042,4211,1708,1020,652,920,2048,1505,1589,893,4034,2183,1232,3112
"gene-Peve_00024572","MAPK14-201",834,999,401,224,909,424,810,279,205,500,1328,462,400,594,736,837,895,557,716,606,201,156,732,803,359,855,333,117,143,289,697,209,424,157,431,318,211,178
"gene-Peve_00024800","METTL5-201",51,21,5,0,20,5,14,5,0,47,8,0,0,5,15,12,8,15,13,0,0,9,0,21,17,20,0,0,4,0,7,3,3,0,21,7,6,0
"gene-Peve_00024877","USP51-201",159,318,151,41,210,109,95,96,30,238,368,162,126,180,63,237,254,157,260,74,98,66,358,128,82,245,85,50,89,39,44,47,161,20,314,56,130,158
"gene-Peve_00024902","CSNK2B-203",337,547,197,65,366,161,348,150,154,168,447,157,106,189,193,277,421,190,334,210,187,194,240,273,340,391,127,168,65,109,144,76,149,63,207,274,107,122
"gene-Peve_00024930","USP38-201",275,106,117,98,118,44,421,42,56,92,180,52,64,98,240,118,107,96,288,50,45,130,366,362,157,602,53,99,23,223,260,143,57,125,446,277,68,319
"gene-Peve_00024933","H2AJ-201",56,238,71,43,207,124,204,175,55,40,326,135,128,166,180,137,179,209,89,146,98,52,95,116,61,103,41,55,86,90,94,73,119,104,78,71,49,36
"gene-Peve_00025197","PAK2-201",4373,1695,590,499,1661,641,1562,528,394,1417,2202,682,690,1084,1677,1561,1343,992,2313,887,584,1149,1352,3141,1311,3622,704,844,248,680,1725,773,778,744,1246,1881,680,1274
"gene-Peve_00025349","Zfp57-201",186,40,29,71,28,6,95,8,18,32,84,20,52,62,54,21,26,24,61,48,3,38,24,52,75,51,10,52,2,34,111,29,33,22,36,65,3,30
"gene-Peve_00025352","PRKCB-210",249,436,236,270,446,176,608,230,208,474,611,230,376,249,328,738,422,257,314,399,400,209,326,347,412,561,317,204,135,221,265,148,397,126,593,260,198,195
"gene-Peve_00025399","Prmt9-201",1183,1452,447,250,1387,550,1062,411,461,601,1498,334,325,469,850,880,1015,735,1072,719,468,504,795,1087,879,1210,439,467,295,527,844,312,582,324,616,532,387,434
"gene-Peve_00025476","TRMT10A-202",48,30,7,0,6,17,8,19,2,67,33,2,1,39,10,25,31,49,24,6,5,18,41,39,14,50,13,4,3,3,5,15,7,11,30,5,10,20
"gene-Peve_00025604","PAN2-201",48,197,113,92,278,71,129,69,52,209,321,60,72,130,153,196,231,139,128,136,124,74,103,51,159,90,120,30,38,54,81,56,127,23,93,38,41,41
"gene-Peve_00025636","Suv39h2-Kmt1b-201",58,30,74,15,46,20,26,30,0,34,51,13,12,38,21,53,36,29,39,11,32,40,49,44,38,89,5,12,7,16,25,0,24,10,34,23,24,14
"gene-Peve_00025640","NAA10-208",247,327,163,120,225,194,408,302,104,226,242,155,136,269,178,269,279,160,249,164,148,159,152,198,195,285,170,118,59,133,204,126,125,126,145,84,105,125
"gene-Peve_00025825","UBE2A-202",550,256,91,25,165,125,181,69,95,169,198,120,30,87,240,129,115,129,404,145,105,212,278,451,303,540,138,131,25,92,340,115,101,112,159,331,142,221
"gene-Peve_00025955","PRKDC-201",436,268,352,428,716,278,697,187,540,819,483,132,355,323,397,638,288,190,179,267,96,161,606,479,450,758,56,52,87,146,285,247,320,176,1076,532,327,454
"gene-Peve_00025976","Parp7-Tiparp-201",278,55,99,82,45,25,113,51,45,82,289,72,156,180,17,46,25,14,756,136,111,281,266,247,79,161,47,53,31,49,262,223,168,132,247,156,31,202
"gene-Peve_00026033","Sirt2-201",106,217,115,28,205,75,169,140,26,160,180,113,83,60,71,145,171,60,135,137,217,132,84,73,451,130,205,135,23,32,126,33,93,40,90,43,261,97
"gene-Peve_00026256","USP54-201",4863,612,462,1343,654,239,1398,302,385,1955,1138,304,673,734,2855,1123,654,397,2270,662,1027,1394,3182,2508,3003,3461,2152,1520,173,1224,3039,1325,791,1054,2852,2298,1015,2141
"gene-Peve_00026671","MAP2K1-201",633,1763,1504,605,1858,618,1412,693,419,989,2245,769,1222,1323,883,1980,1768,1336,835,1252,774,257,721,409,725,793,629,268,484,526,962,400,1106,323,1390,263,385,281
"gene-Peve_00026823","MCM3AP-201",362,273,158,210,367,145,311,72,69,412,427,102,161,323,343,440,189,248,194,238,78,110,275,175,180,325,103,101,64,120,390,148,209,103,313,154,85,137
"gene-Peve_00026895","Kdm1b-201",19,176,81,61,161,73,155,63,40,81,189,41,89,83,91,181,164,106,87,127,52,32,95,57,96,51,40,25,34,37,66,19,66,46,75,17,25,18
"gene-Peve_00027165","ELF3-203",4404,682,858,813,1272,954,2408,421,1119,4358,2265,892,1024,913,2721,1097,1390,478,2095,1788,4157,869,1254,2937,5636,3457,4821,3084,509,1905,2947,849,1704,1484,1568,2645,4907,1769
"gene-Peve_00027400","NOP2-201",108,174,50,24,98,34,25,26,16,237,89,42,58,68,52,273,127,95,147,42,62,28,159,117,59,101,60,22,19,21,51,44,51,10,82,36,33,39
"gene-Peve_00027677","H1-3-201",16,22,20,0,18,27,62,17,10,6,9,14,10,23,77,58,57,96,39,26,14,8,43,25,34,73,0,6,7,12,3,25,7,21,15,9,6,3
"gene-Peve_00027888","NSUN4-204",3,25,4,5,21,0,10,14,5,6,12,2,5,0,0,6,35,16,23,0,9,6,7,15,33,31,0,7,0,0,4,6,4,0,22,8,0,5
"gene-Peve_00028081","YBX1-201",20869,16295,7425,5955,10740,5626,8871,4531,4241,13794,14125,6466,8082,8449,11067,10380,10187,6734,7918,6119,4399,5066,14255,12357,10403,12168,4971,4583,2180,3957,10352,3810,6966,3777,5519,6499,4302,7021
"gene-Peve_00028116","USP32-201",797,323,353,182,593,181,419,188,202,671,536,164,293,314,406,739,558,266,654,281,411,413,434,611,453,756,464,296,131,154,330,289,428,207,703,434,345,474
"gene-Peve_00028178","Prmt2-203",0,14,3,4,36,6,3,30,3,21,21,0,3,2,4,7,30,32,26,0,11,1,0,2,0,6,0,3,6,0,2,1,4,5,16,0,0,5
"gene-Peve_00028250","Hdac11-201",110,267,75,39,142,58,150,53,35,101,256,87,113,112,103,255,229,130,71,140,104,16,107,147,70,114,78,61,22,56,102,60,88,18,85,28,34,11
"gene-Peve_00028251","UBA7-201",1942,1425,691,556,2157,880,1391,448,908,1886,2097,810,1051,1404,1982,1871,2032,1383,1899,1630,1195,1084,1342,1267,1214,1827,1120,822,551,897,1892,875,1554,929,1119,1027,688,1077
"gene-Peve_00028365","AURKA-208",38,150,26,12,97,19,39,9,22,32,199,30,25,40,33,68,81,56,22,30,10,10,44,58,8,69,11,8,14,13,21,46,35,11,22,4,12,5
"gene-Peve_00028605","Tet3-203",20,42,7,3,24,11,0,8,3,5,33,15,8,29,20,26,6,21,7,8,0,0,0,0,16,14,0,4,5,0,25,10,15,10,0,0,0,0
"gene-Peve_00028661","ATR-201",29,42,35,34,95,19,59,0,29,33,165,29,62,120,81,108,51,104,16,84,17,8,0,15,21,24,47,24,54,66,47,34,34,18,32,26,5,0
"gene-Peve_00028761","H2AB3-201",0,0,0,0,23,0,0,0,0,0,3873,0,0,0,0,0,0,0,4,3,0,157,0,0,0,53,48,0,0,7,3,0,0,0,0,0,0,0
"gene-Peve_00028939","Parp5a-Tnks-201",892,334,354,252,522,221,328,138,159,354,454,125,183,192,497,473,371,295,805,253,281,336,730,894,453,1080,324,159,120,278,618,291,290,284,618,554,238,606
"gene-Peve_00028982","Prdm6-201",12,7,7,4,0,0,8,0,0,2,28,6,15,8,0,5,4,0,9,7,4,0,0,5,8,0,0,0,8,15,0,3,5,0,0,4,0,10
"gene-Peve_00029036","Prdm11-206",4,2,7,15,16,0,4,2,0,7,4,2,3,5,6,24,6,6,0,8,7,3,5,0,4,3,0,4,0,0,6,2,2,0,7,1,1,0
"gene-Peve_00029338","Kat6b-214",338,470,380,189,415,170,257,202,98,297,351,186,152,143,325,557,372,282,587,178,271,276,392,369,273,581,212,124,123,47,193,169,288,143,1261,288,488,632
"gene-Peve_00029539","CBLL1-201",281,292,144,76,251,145,138,104,101,134,256,82,156,89,202,209,277,175,316,216,164,114,316,282,204,399,84,53,100,87,104,39,175,88,150,105,125,173
"gene-Peve_00029598","METTL16-201",44,141,61,24,8,5,85,47,0,0,161,55,51,76,28,109,70,62,16,46,24,6,10,0,21,11,7,2,3,7,0,0,0,0,28,9,24,5
"gene-Peve_00029658","PPP1R3E-201",1518,3038,1190,940,2226,1101,1455,530,696,712,3963,1424,1147,1339,850,2518,2103,450,595,1931,782,210,685,794,890,515,818,1510,644,712,1378,330,1971,325,689,1000,762,382
"gene-Peve_00029660","PPP1R3B-201",51,188,104,70,166,93,105,111,14,106,92,49,38,77,27,130,161,137,18,64,54,17,31,17,55,45,48,96,34,16,47,9,96,12,84,3,63,11
"gene-Peve_00029730","USP10-201",970,963,803,456,1103,437,959,492,219,906,1127,521,628,815,703,1515,903,715,991,787,484,441,958,753,555,901,527,332,278,341,882,253,717,206,846,293,322,405
"gene-Peve_00029854","PUS1-202",101,93,36,31,42,21,64,24,7,248,114,40,16,45,93,145,90,74,25,23,64,17,125,61,79,109,99,34,18,11,36,28,41,7,56,19,65,30
"gene-Peve_00030190","YTHDC2-201",244,194,222,172,459,105,158,98,85,471,374,148,191,209,293,399,286,170,253,217,146,81,325,124,260,141,208,70,101,71,223,61,204,57,186,66,90,60
"gene-Peve_00030471","Prdm9-207",0,0,0,0,0,0,0,0,0,0,0,0,0,0,0,0,0,0,0,0,0,0,0,0,0,3,0,0,0,0,0,0,0,0,0,0,0,0
"gene-Peve_00030476","BRCC3-201",27,0,0,0,10,0,0,0,0,13,76,9,12,13,0,0,0,0,95,96,38,58,35,132,19,195,27,19,6,20,37,15,22,10,0,0,0,14
"gene-Peve_00030528","Kmt2g-Setd1b-201",543,290,360,195,538,215,321,192,92,1082,440,163,175,164,305,775,442,415,408,130,199,199,572,379,201,743,188,143,97,112,312,258,226,135,667,148,213,273
"gene-Peve_00030641","PSMD14-201",704,463,110,130,217,170,200,80,93,330,323,151,90,228,214,320,165,151,314,170,110,237,319,411,237,592,175,133,94,161,233,156,147,195,363,319,209,296
"gene-Peve_00030646","WTAP-202",55,108,22,11,54,48,58,15,6,77,123,20,11,34,25,147,76,58,57,24,26,19,83,84,35,128,32,6,16,13,23,16,47,16,41,27,30,27
"gene-Peve_00031468","ESCO1-201",130,109,68,58,94,27,83,59,12,154,202,35,22,68,31,214,146,146,69,29,35,50,105,45,56,183,64,45,13,5,46,49,45,11,75,20,54,66
"gene-Peve_00031499","Parp12-201",42,75,58,42,17,6,14,10,16,27,107,92,43,35,11,26,21,15,4,24,16,0,0,0,0,0,63,48,5,65,0,0,5,4,0,0,7,8
"gene-Peve_00031680","OTUD5-202",501,362,152,91,337,168,349,135,119,104,367,97,114,126,224,187,272,199,502,188,157,158,277,356,202,518,108,163,30,171,231,104,120,137,182,291,115,207
"gene-Peve_00031756","Prmt8-201",153,289,105,54,151,36,77,31,46,59,135,41,53,71,78,109,161,72,153,152,93,67,52,137,80,243,75,44,29,89,65,42,69,26,91,48,72,40
"gene-Peve_00031882","USP12-201",262,277,101,105,277,83,241,88,41,194,381,136,159,161,175,280,274,185,220,164,99,104,149,193,159,233,142,81,74,102,207,56,123,54,151,63,79,107
"gene-Peve_00031908","UCHL3-201",405,408,76,80,264,157,265,175,73,367,476,325,99,199,175,295,233,158,205,214,166,130,443,263,166,273,107,110,23,92,197,44,135,81,171,186,79,93
"gene-Peve_00031952","NSUN5-204",15,37,6,0,47,9,8,5,0,10,57,4,14,7,0,12,43,4,34,4,24,0,27,21,6,11,0,9,0,0,0,11,14,7,29,0,0,26
"gene-Peve_00031996","Smyd4-201",2620,993,932,749,1786,703,4279,568,320,833,1691,321,1618,837,2854,1725,1239,789,797,476,415,289,1189,1351,1102,1376,373,1267,248,901,2607,594,947,572,748,1341,358,616
"gene-Peve_00032005","Setd6-201",0,0,0,0,37,3,0,0,13,67,0,0,7,0,0,0,0,0,0,0,0,0,0,0,0,0,24,5,0,3,0,0,0,0,0,0,0,0
"gene-Peve_00032337","Parg-201",163,182,138,36,188,70,133,76,37,164,176,44,72,65,75,124,138,85,210,53,117,84,185,134,108,249,83,44,36,30,111,54,69,40,154,60,91,112
"gene-Peve_00032356","NAA50-201",195,227,59,46,196,87,109,58,39,196,245,103,86,150,170,235,173,169,104,112,67,75,160,202,111,188,95,75,47,40,216,51,78,85,92,84,134,70
"gene-Peve_00032945","PRDM7-202",0,0,0,0,0,0,0,0,0,0,0,0,0,0,20,0,0,0,0,0,0,0,0,0,0,0,0,0,0,5,0,0,0,0,0,0,0,0
"gene-Peve_00033035","Hdac6-201",43,56,35,14,138,34,39,28,78,108,144,44,55,62,52,56,78,40,80,139,56,20,61,25,69,47,26,0,36,17,67,9,101,27,20,13,32,14
"gene-Peve_00033115","USP25-204",432,424,356,135,467,238,401,204,159,428,609,219,259,346,374,581,409,398,476,414,372,375,382,332,651,629,598,225,178,212,295,125,475,115,558,171,393,262
"gene-Peve_00033130","Dnmt3l-201",1396,1132,949,711,1681,715,1592,690,561,1759,1915,867,970,1188,1535,2776,1277,1101,1715,1105,710,619,1398,1253,1562,1913,1234,679,434,696,1515,573,955,524,2079,871,819,1203
"gene-Peve_00033216","Kdm4a-203",184,80,70,37,153,40,48,50,26,107,181,36,50,28,98,192,156,76,261,73,42,84,255,154,15,275,10,34,23,30,59,92,58,43,214,80,50,71
"gene-Peve_00033249","USP7-201",681,932,382,207,848,370,644,339,197,1079,1191,416,422,600,537,1113,722,509,861,481,405,295,1004,833,932,1256,680,247,183,208,663,277,550,149,831,279,364,473
"gene-Peve_00033314","USP2-201",163,81,78,34,156,54,96,36,44,52,213,37,61,102,115,86,153,60,117,151,28,77,84,144,101,169,111,88,20,122,119,69,124,59,90,72,50,139
"gene-Peve_00033746","Kmt4-Dot1l-201",4776,227,230,1371,417,142,2574,91,381,312,1016,242,1036,967,2558,767,330,259,4143,662,86,905,3350,2895,325,3495,176,392,136,1269,2784,1581,653,974,2926,3161,105,3245
"gene-Peve_00033761","TRMT10C-201",7,27,28,12,16,0,21,12,7,20,52,10,36,38,22,38,27,24,6,28,19,5,15,0,9,10,0,0,0,0,0,0,0,0,9,0,0,0
"gene-Peve_00034012","HUWE1-202",2751,1423,1816,1330,2521,1123,2021,698,1073,2737,2870,1101,1970,1905,2240,3183,1835,1681,2551,1565,1287,1194,2475,1880,2567,3375,1872,1011,882,1092,1655,1013,1856,808,4547,1563,1421,2737
"gene-Peve_00034034","PRKCD-201",4748,753,305,1194,634,232,3760,233,1150,378,3560,951,1854,1812,7994,967,536,286,1393,2603,348,809,904,4360,2863,3298,1276,1477,190,3082,5799,1457,1595,2722,690,7394,298,1398
"gene-Peve_00034097","USP16-204",322,132,79,77,171,68,71,64,26,387,142,41,49,44,86,280,144,130,273,70,97,92,443,402,144,468,146,86,25,29,142,87,69,39,223,142,171,180
"gene-Peve_00034116","USP48-201",20,29,6,30,14,0,30,9,21,32,42,16,34,62,33,73,33,23,0,17,12,0,23,9,26,33,11,6,14,15,48,23,32,15,13,13,13,7
"gene-Peve_00034340","Klf4-201",640,1666,556,114,1110,560,447,427,223,908,1077,483,344,549,267,806,786,433,478,636,458,231,372,751,708,679,421,386,173,159,398,247,481,160,361,410,230,168
"gene-Peve_00034369","ACAT1-201",687,763,239,122,465,214,309,174,140,393,477,251,123,118,334,226,282,213,376,247,222,196,291,394,523,638,242,152,109,168,334,92,250,187,163,332,285,176
"gene-Peve_00034401","Riox2-201",41,533,191,168,263,80,144,45,46,51,611,78,112,222,190,192,105,209,86,169,33,58,14,29,24,81,0,2,21,29,116,24,113,35,24,46,16,29
"gene-Peve_00034936","UBA3-202",77,225,157,80,186,98,309,107,58,164,230,66,95,104,220,191,290,140,40,95,59,18,93,45,126,97,84,33,53,54,115,42,128,37,25,35,20,8
"gene-Peve_00035082","Tyw5-209",48,95,10,14,22,0,11,13,0,7,34,11,22,15,11,54,70,42,23,18,10,24,42,36,51,36,0,0,0,6,9,22,15,0,20,5,22,17
"gene-Peve_00035415","ZCCHC4-201",0,12,3,7,24,8,25,3,0,41,90,16,14,40,23,41,30,20,0,13,4,4,36,0,18,7,23,10,0,2,26,0,25,13,14,8,8,9
"gene-Peve_00036006","USP14-201",586,377,169,87,323,173,286,92,99,397,339,103,133,176,174,231,203,161,397,138,173,220,484,572,333,562,154,89,59,100,221,70,149,73,210,239,184,197
"gene-Peve_00036234","PRRC2A-202",30807,3784,3560,12951,5411,1764,15134,1528,5039,15332,20507,3819,7617,12731,16639,13692,4069,3434,10488,17566,2390,4687,12190,27725,19365,26375,7922,4766,1075,5214,28023,6474,8425,6723,15142,19716,2802,10144
"gene-Peve_00036448","H2AZ2-202",678,1959,463,231,1105,635,910,551,310,566,1907,455,453,672,1195,1062,1029,1285,540,704,282,400,434,523,389,883,343,199,313,409,742,496,511,539,460,335,404,399
"gene-Peve_00036626","RAG1-201",0,0,0,2,0,0,0,0,0,0,0,0,0,0,0,0,0,0,0,0,0,0,0,0,0,0,0,0,0,2,0,0,0,0,0,0,0,0
"gene-Peve_00036916","UBE2V1-203",438,553,181,68,517,172,379,180,113,115,800,186,195,309,262,297,394,202,147,234,143,102,216,182,219,255,144,132,85,133,295,124,226,137,180,183,139,89
"gene-Peve_00036938","Sirt1-201",91,55,24,30,123,27,86,25,28,45,95,13,35,34,77,42,107,45,113,39,44,80,104,99,147,211,22,40,10,32,78,55,16,47,61,25,28,48
"gene-Peve_00036939","UBE2D3-210",10906,6479,3669,2633,7091,3264,6468,2561,2231,4026,7310,4064,3984,5219,7541,4936,5480,4340,7470,3752,3006,3682,9941,7807,6099,9944,4381,3224,1256,2605,7125,2286,4205,2644,5580,5230,3507,6692
"gene-Peve_00037041","CDK1-203",18,275,55,15,75,27,36,36,17,20,245,46,59,80,73,58,98,96,15,40,7,0,44,21,0,87,9,0,14,16,70,25,23,24,11,11,39,3
"gene-Peve_00037184","PUS3-201",9,9,16,8,9,15,0,11,3,6,17,6,0,0,4,5,9,15,6,4,0,8,0,38,0,26,0,3,3,0,3,5,2,0,10,0,0,3
"gene-Peve_00037278","WDR5-201",595,513,254,49,329,200,305,174,81,242,393,199,176,215,221,273,359,196,697,208,226,315,568,629,271,776,190,116,77,131,247,149,181,71,289,249,146,297
"gene-Peve_00037296","H2AX-201",1027,829,223,193,686,310,604,294,261,683,892,286,217,431,643,842,556,447,794,428,305,344,553,795,496,1149,253,223,86,252,497,244,336,264,592,415,431,383
"gene-Peve_00037300","Kat9-Elp3-201",572,269,190,129,306,136,269,92,91,272,362,157,153,201,416,487,529,263,415,180,202,219,720,505,368,502,239,99,107,113,309,137,176,82,343,187,177,279
"gene-Peve_00037361","Ash2l-201",0,23,0,0,19,15,0,0,0,16,35,0,0,0,0,16,28,13,0,0,17,0,18,0,0,0,0,6,0,0,0,0,0,0,17,0,0,10
"gene-Peve_00037428","Mbd5-201",341,303,162,104,353,107,168,123,96,321,396,119,153,98,190,641,335,264,595,174,170,195,397,310,98,495,245,73,138,44,141,123,206,94,641,114,282,211
"gene-Peve_00037601","TRMT61A-202",79,78,15,8,89,40,67,32,26,94,130,48,33,57,74,130,59,90,58,52,31,34,77,31,9,38,29,26,10,23,62,14,78,12,37,16,39,25
"gene-Peve_00037726","Kdm6a-202",1617,325,262,269,568,286,367,277,139,283,402,226,311,255,390,784,483,355,1341,296,112,374,410,1177,149,1369,139,57,228,123,177,202,297,148,1056,803,167,993
"gene-Peve_00037795","ATXN3-254",178,134,44,22,143,51,73,40,17,61,167,92,50,50,84,169,127,51,188,61,31,52,300,241,77,187,49,45,19,35,61,29,44,11,99,53,24,58
"gene-Peve_00038143","ATAT1-204",247,333,206,76,341,120,268,164,65,162,336,107,190,245,215,310,336,242,129,236,112,85,186,148,181,175,138,146,116,100,150,71,163,67,100,75,54,56
"gene-Peve_00038398","Setd3-201",135,341,94,50,364,124,258,122,70,312,483,76,128,260,204,300,211,239,75,213,92,76,154,93,185,235,94,95,22,92,135,57,125,61,106,75,77,75
"gene-Peve_00038467","ALG13-203",6,43,41,0,45,16,8,47,19,18,56,16,19,27,11,25,36,23,8,10,13,17,8,11,11,25,12,10,5,5,3,0,21,4,9,2,28,0
"gene-Peve_00038631","PPP1CB-203",1256,1822,820,520,1987,675,1478,743,350,755,1975,783,773,858,1157,1227,1601,1072,1241,911,636,456,986,888,806,1272,497,402,330,371,875,328,781,290,1059,506,457,446
"gene-Peve_00038716","Sirt7-201",233,74,41,22,102,36,83,53,25,192,83,48,44,60,98,149,120,84,114,56,67,70,84,81,69,170,78,41,23,30,70,45,51,23,107,62,33,115
"gene-Peve_00038721","GTF3C1-201",337,407,355,395,741,207,721,176,196,1558,824,253,585,712,656,1748,633,644,215,389,202,114,383,214,428,374,464,267,189,255,598,313,435,163,503,199,203,160
"gene-Peve_00038733","Jarid2-201",203,258,308,121,452,172,288,123,150,354,418,101,229,159,161,665,407,309,432,201,173,118,334,161,159,319,133,77,98,123,156,94,305,43,471,51,161,252
"gene-Peve_00038741","Parp2-201",180,249,106,81,125,66,137,55,51,338,215,54,107,189,203,305,147,125,136,169,76,81,359,147,186,257,122,62,46,43,175,92,125,41,228,60,52,85
"gene-Peve_00038757","METTL4-203",9,28,8,10,13,4,0,0,0,9,0,0,0,3,0,7,0,4,3,0,5,5,34,22,22,46,0,6,0,0,0,0,0,0,6,2,0,0
"gene-Peve_00038779","PUS7-202",79,119,123,80,212,95,117,84,81,279,124,38,43,101,76,197,119,98,104,62,58,32,160,113,112,113,65,42,26,79,76,41,69,19,149,24,84,86
"gene-Peve_00038800","PRPF8-201",842,998,659,529,1137,660,1064,642,531,417,1398,515,545,589,631,994,988,804,907,904,790,398,735,707,875,1548,745,359,497,517,752,475,794,419,1182,593,778,529
"gene-Peve_00038844","ALKBH5-201",315,300,151,66,296,132,162,173,23,92,338,93,72,78,101,144,269,215,258,41,129,135,187,212,111,327,78,88,32,84,172,55,94,50,144,141,101,82
"gene-Peve_00038865","Senp1-204",253,209,131,30,129,80,132,67,15,143,249,61,86,96,95,209,124,104,185,99,125,146,165,163,174,328,60,27,36,37,73,46,130,65,97,41,47,65
"gene-Peve_00038976","EIF3H-209",2015,937,346,231,603,418,913,269,363,802,1156,504,311,608,805,648,702,547,1057,900,599,640,677,1617,1476,1743,733,686,186,606,935,324,415,427,511,1167,530,668
"gene-Peve_00039022","USP20-203",889,714,348,304,756,284,707,189,150,756,869,316,317,512,572,896,761,421,622,422,321,254,626,752,594,1115,507,278,211,211,489,207,470,194,699,409,350,391
"gene-Peve_00039048","UCHL5-205",242,450,179,80,320,147,162,135,51,242,414,220,138,111,169,217,238,165,150,135,179,119,314,219,319,262,176,110,47,61,152,49,179,49,157,67,106,56
"gene-Peve_00039351","Kmt1e-Setdb1-201",59,166,103,97,140,88,88,68,99,217,220,64,117,130,84,286,219,142,140,165,108,37,159,90,180,105,107,76,47,53,100,48,158,43,219,25,78,57
"gene-Peve_00039635","ACAT2-201",25,52,19,0,14,0,9,13,8,0,17,8,6,0,0,34,55,22,23,9,51,18,21,3,38,34,28,12,14,3,0,3,8,4,32,7,35,0
"gene-Peve_00039742","Kat7-205",8,38,22,15,45,26,56,16,18,75,88,30,22,41,23,62,35,19,7,42,17,12,46,19,51,42,13,3,5,14,40,14,23,8,41,5,31,25
"gene-Peve_00039805","Mbd4-201",24,8,20,0,12,2,2,13,0,18,7,0,0,0,0,18,8,34,14,0,4,2,19,14,0,27,0,2,0,5,12,19,0,0,22,12,0,7
"gene-Peve_00040182","BUB1-201",29,127,52,29,46,16,58,10,23,3,166,34,45,108,35,96,77,72,28,70,0,4,31,16,0,27,19,0,63,0,31,22,56,40,22,22,16,19
"gene-Peve_00040600","ALKBH3-201",362,320,122,81,226,102,303,112,76,166,504,134,80,143,173,288,254,169,288,167,143,61,151,309,83,230,86,62,33,97,196,108,75,63,181,118,79,68
"gene-Peve_00040609","ADARB1-201",644,303,254,136,363,134,311,141,77,306,337,228,164,138,269,330,287,255,432,119,114,196,675,392,173,624,174,111,58,107,483,317,201,120,461,258,149,202
"gene-Peve_00041047","USP47-207",625,627,484,332,817,312,527,210,244,1090,870,354,495,589,477,1154,698,471,677,441,292,261,572,552,522,768,516,256,108,284,574,309,478,129,667,243,328,344
"gene-Peve_00041753","NAT8-201",9169,8098,2010,1699,1924,1065,5447,834,2933,14310,7601,3842,3746,3808,5472,5482,3216,770,4208,4861,7996,3040,3561,7321,17893,8186,11157,10541,1075,3213,6877,2294,4175,2845,3577,4962,5158,3165
"gene-Peve_00041755","NAT8L-201",1908,199,43,671,151,99,1355,97,334,1466,1285,361,388,776,1447,472,162,105,1374,328,805,331,589,1149,1005,1101,440,779,94,879,2192,636,460,1119,722,1861,528,619
"gene-Peve_00041887","Zbtb4-202",17,12,8,6,32,0,19,16,9,0,8,0,5,6,11,22,22,20,22,6,0,9,14,19,8,25,13,6,0,8,7,4,4,0,11,0,9,6
"gene-Peve_00042192","OTUD3-201",383,302,128,114,167,60,188,60,48,322,380,65,123,192,163,269,204,161,179,98,74,99,270,237,124,300,85,75,28,39,152,52,116,26,185,95,28,158
"gene-Peve_00042391","MST1-202",1052,1459,491,122,461,547,603,493,125,151,516,401,159,148,802,217,439,227,250,1071,198,33,211,599,151,438,6,88,69,257,379,89,110,278,66,87,99,63
"gene-Peve_00042401","CDK8-201",269,543,234,120,465,195,293,194,131,425,535,191,204,309,319,498,409,397,265,233,162,166,300,321,288,454,213,101,143,128,300,120,186,107,323,131,164,216
"gene-Peve_00042415","METTL14-201",73,159,107,38,200,87,161,68,59,174,194,67,89,85,49,156,134,115,153,102,76,51,88,112,101,192,64,23,46,39,94,49,62,51,124,31,76,46
"gene-Peve_00042420","RBMX-201",3765,2456,1040,898,2408,1205,2103,933,1278,2038,3197,1593,1135,1605,2501,2173,1995,1892,2171,1714,1404,1253,3211,2613,2672,3248,1749,910,680,1270,2194,755,1372,1344,1332,1859,1131,1828
"gene-Peve_00042423","Jmjd6-201",109,80,44,13,76,31,66,23,74,72,63,39,25,51,76,105,90,38,154,72,43,30,76,67,91,111,57,23,34,14,85,41,91,13,65,25,39,70
"gene-Peve_00042451","JAK2-201",29,18,17,6,0,12,0,0,18,153,31,12,3,17,0,13,0,0,48,5,16,33,21,0,19,48,25,10,11,0,36,19,52,19,120,15,52,32
"gene-Peve_00042545","Parp4-201",46,83,121,81,190,92,181,56,97,71,209,62,128,111,131,264,121,111,51,151,56,52,78,104,77,99,63,58,95,142,125,57,175,81,75,56,48,48
"gene-Peve_00042562","Kdm1a-202",930,1311,609,222,917,416,871,523,298,1170,1121,629,594,642,854,1151,1185,652,2010,692,768,457,1466,1399,978,1935,865,420,252,358,1153,605,655,346,1384,792,876,719
"gene-Peve_00042716","DKC1-201",114,385,136,99,367,193,154,169,55,339,309,123,122,180,119,555,340,301,168,134,103,49,185,212,99,177,77,58,78,52,142,91,160,41,131,70,126,61
"gene-Peve_00042741","Prdm1-201",0,0,0,6,0,0,0,0,0,0,0,0,0,0,6,0,0,0,0,5,0,0,0,1,0,0,0,0,0,0,3,2,0,2,0,0,0,0
"gene-Peve_00042777","TRMT112-206",71,185,50,11,123,45,43,19,28,50,177,70,41,29,30,77,87,60,75,50,48,28,53,64,23,78,30,10,17,9,44,26,15,13,46,11,34,10
"gene-Peve_00042840","DYRK1A-221",569,148,150,247,148,94,305,43,119,223,313,113,229,165,324,388,309,154,218,271,162,172,279,379,431,301,166,145,103,189,423,152,204,175,281,242,93,159
"gene-Peve_00043302","Sirt3-210",194,95,40,26,139,44,47,26,21,83,58,20,36,23,49,97,59,89,129,72,28,45,74,164,125,175,43,100,8,35,112,33,33,33,52,46,4,44
"gene-Peve_00043583","Zbtb33-201",804,117,102,126,172,52,237,41,72,122,181,56,51,109,319,113,91,74,639,96,48,204,364,767,144,698,41,136,21,138,292,218,92,255,276,708,109,634
"gene-Peve_00043706","Parp16-201",255,94,83,27,115,75,142,108,23,128,132,57,47,89,79,93,61,111,165,35,168,127,106,142,239,157,183,58,20,32,114,36,50,42,77,30,149,78
"gene-Peve_00043969","Smyd3-204",45,38,23,14,49,12,73,14,23,44,65,6,17,21,18,52,41,32,35,9,6,12,11,54,24,26,12,11,17,14,64,10,35,24,48,12,10,58
"gene-Peve_00044100","Sirt5-207",23,56,20,6,14,18,38,18,4,9,35,14,7,21,14,19,48,20,12,11,26,29,0,15,22,17,23,11,4,5,0,3,24,6,10,11,23,2
"gene-Peve_00044244","BAP1-202",29,77,68,0,85,49,84,50,34,113,172,63,71,90,56,191,157,116,51,63,44,21,144,97,69,136,37,13,29,10,49,26,38,22,91,16,39,32
"gene-Peve_00044303","METTL1-202",64,186,78,79,193,63,102,67,22,133,183,74,35,105,68,145,97,132,24,85,37,19,71,89,32,127,51,26,32,33,58,21,53,34,54,36,22,24
"gene-Peve_00044379","PPM1D-201",161,265,126,104,274,159,132,100,26,214,125,75,73,42,80,197,230,196,121,88,59,63,191,212,52,134,50,47,88,25,72,91,106,49,165,43,62,59
"gene-Peve_00044507","OTUD7B-202",114,109,124,73,154,49,89,63,33,102,147,48,20,113,146,178,124,75,159,30,67,51,179,155,52,145,54,46,45,33,71,52,25,37,158,68,40,102
"gene-Peve_00044576","UBE4A-201",1491,592,280,262,664,235,568,306,208,771,517,221,247,344,381,423,484,250,978,265,482,621,591,910,1207,1500,847,489,178,282,535,297,325,377,1242,787,795,1082
"gene-Peve_00045030","Tet1-206",169,313,413,132,585,227,316,162,171,148,412,108,168,187,258,791,522,266,290,214,60,92,333,212,88,319,29,52,115,105,143,175,269,79,664,86,96,91
"gene-Peve_00045265","UBE3A-226",138,176,106,60,187,117,77,120,74,85,180,88,48,62,93,139,206,138,178,124,87,103,141,190,97,267,108,48,96,65,110,72,131,37,301,122,80,98
