OG,max_val
OG_00001,1.2569106697627903
OG_00003,1.656530620779484
OG_00008,1.517166950046978
OG_00018,1.4204153940213544
OG_00019,2.011368840268742
OG_00020,1.081573386748557
OG_00022,1.340376538331401
OG_00023,1.4491278840443484
OG_00024,1.330015439699596
OG_00025,1.1083629648911246
OG_00031,1.453523743747855
OG_00043,2.131359418857341
OG_00044,1.0782220514791137
OG_00047,2.569393565514951
OG_00051,1.550120240269622
OG_00053,1.0224526766707105
OG_00057,1.1197915191825027
OG_00077,1.2158195326536452
OG_00080,1.0147512162746355
OG_00085,1.6098704921530556
OG_00086,1.0956984036253057
OG_00089,1.938498319021294
OG_00107,1.0967352943606845
OG_00111,1.6836279629626232
OG_00113,1.0358744815204783
OG_00115,1.3899273279303357
OG_00119,1.0047264417300443
OG_00126,2.316314653951606
OG_00127,1.7266514545444342
OG_00132,1.2369199387072365
OG_00133,2.398114432562321
OG_00141,1.9945660520765944
OG_00143,1.3113448249462334
OG_00144,2.5011894015542007
OG_00145,2.188990531413013
OG_00147,2.85986792703917
OG_00148,1.110565549855121
OG_00149,2.101090582715962
OG_00160,1.1998547188677984
OG_00163,2.294040707951126
OG_00166,2.3386013085903774
OG_00174,1.5532127749213782
OG_00179,1.531913584668292
OG_00180,1.3903560898030387
OG_00186,1.2829272857999716
OG_00187,1.748959763334916
OG_00188,1.4435623972470075
OG_00195,1.6379143849707911
OG_00196,1.507811480327036
OG_00201,1.161607181394239
OG_00203,1.1772479490033363
OG_00207,1.4283891353810183
OG_00208,1.370421237026953
OG_00210,1.7590756182654503
OG_00215,1.7913779645677523
OG_00216,1.003551996274384
OG_00225,2.3157398189847793
OG_00226,2.050758289648912
OG_00233,1.0334167899502518
OG_00234,1.15658522501024
OG_00238,1.2651266925618174
OG_00240,1.634575116984389
OG_00242,1.8861901452002168
OG_00243,1.0530162153264078
OG_00245,1.0926364116657428
OG_00246,3.6033215388988022
OG_00247,1.1597882176929946
OG_00252,1.3881471565152943
OG_00258,2.6117665267579637
OG_00259,2.4120603460233427
OG_00261,1.1865744109809078
OG_00264,4.300177730656773
OG_00266,1.2927046121247243
OG_00270,1.0643490516708831
OG_00274,1.2681832100530643
OG_00279,1.9394961374575683
OG_00280,1.4627732392468522
OG_00281,1.0487594320468991
OG_00286,1.2489297652248168
OG_00298,1.1698342993291353
OG_00304,2.237347265898695
OG_00308,1.6875151064376772
OG_00313,1.5559062534158796
OG_00314,1.0227509669502266
OG_00316,1.2063802108428543
OG_00319,1.918341960989956
OG_00323,2.2117464167812173
OG_00332,1.7007883470945082
OG_00334,1.0748642105786983
OG_00342,1.9580260725125167
OG_00343,1.618251188324562
OG_00346,1.24281335551138
OG_00349,2.601707782394906
OG_00350,2.065135606802351
OG_00355,1.2821310235342789
OG_00356,1.36411434714352
OG_00357,1.2198072752453093
OG_00360,1.998282917976584
OG_00361,1.7467582301780331
OG_00375,1.1491399216190223
OG_00379,2.0669577132015773
OG_00381,1.2837723918937856
OG_00386,1.244547702406463
OG_00389,1.208829322124835
OG_00392,1.076086543824148
OG_00400,1.817068129315747
OG_00403,2.242582775883309
OG_00404,1.310067317072083
OG_00408,1.3321865413111178
OG_00410,1.3201427427044463
OG_00411,1.3623698748731876
OG_00414,1.3136377177854743
OG_00419,2.0795554271825667
OG_00425,1.877730380493392
OG_00430,2.824671611710442
OG_00439,1.2251215714575887
OG_00440,1.836711057827072
OG_00453,2.0814279371745688
OG_00455,1.7935397752130446
OG_00460,2.006095640925145
OG_00465,1.021231080338112
OG_00467,1.5924908912544578
OG_00474,2.8149117114220648
OG_00477,1.6215996801827948
OG_00479,2.0772112599074
OG_00481,2.097081011003691
OG_00489,1.4992762854687574
OG_00498,1.9161014090672248
OG_00499,1.7152672064246413
OG_00502,1.1174467304821427
OG_00503,1.476965886456712
OG_00509,2.784339910758784
OG_00511,2.637641437993096
OG_00513,1.564301444056159
OG_00514,1.415549603947248
OG_00516,1.5425209281833574
OG_00519,1.344690852544834
OG_00529,1.2703922675613424
OG_00531,2.39684081514698
OG_00535,1.863121664137926
OG_00537,1.1270972062555091
OG_00542,2.0094586863422466
OG_00544,1.723552623773693
OG_00547,2.442079340779679
OG_00571,2.1874551613990025
OG_00574,1.5457208133465232
OG_00575,1.0224009681104198
OG_00583,1.1189318707675917
OG_00586,1.187552267446251
OG_00587,1.3719041498440916
OG_00588,1.8969628880391256
OG_00590,1.5470558933373777
OG_00592,1.3324819132633163
OG_00593,1.0395121857222305
OG_00596,1.2093885793579116
OG_00598,1.1367662686249655
OG_00599,1.1089415723579097
OG_00603,1.497786078516823
OG_00607,1.1889875501162075
OG_00613,1.579862933719667
OG_00615,1.0597357098594833
OG_00616,1.1660313759421488
OG_00619,2.1603848053068533
OG_00621,1.5592095954043268
OG_00622,3.0407003980238794
OG_00623,1.4201165699106195
OG_00625,1.845853176158176
OG_00629,1.257131577234436
OG_00630,1.0608634633409235
OG_00631,1.245208294756381
OG_00633,1.0156995616087037
OG_00634,2.853339313767324
OG_00635,1.3644366882786132
OG_00643,3.105745268631956
OG_00644,1.1600762668101052
OG_00650,1.2680676648963716
OG_00655,1.2777280083288378
OG_00660,1.9301805078420189
OG_00661,1.1490714650449338
OG_00664,1.392137107874183
OG_00671,1.183972263641374
OG_00672,1.4922206814994727
OG_00674,1.353829174116449
OG_00676,2.6457471571746205
OG_00678,1.275301560592926
OG_00679,1.295132589144716
OG_00681,1.7751451647846763
OG_00688,1.1201102284550106
OG_00698,2.198888289108415
OG_00699,1.732976894829363
OG_00702,3.05497080764128
OG_00711,1.2510966850694394
OG_00714,2.8715304897053726
OG_00720,1.249961463042311
OG_00725,1.948923584108838
OG_00727,2.253692101034084
OG_00729,1.903635361449216
OG_00732,1.6557898780052993
OG_00733,1.6905055993810352
OG_00736,1.091094670288946
OG_00739,1.4712957760821908
OG_00744,2.149790860699343
OG_00746,1.0555493277522832
OG_00759,1.431169893837486
OG_00761,1.2234699369720696
OG_00762,1.3470795171689016
OG_00763,1.2420915111190431
OG_00764,2.1507215756785514
OG_00767,1.6931566270089349
OG_00769,1.619258070661277
OG_00772,1.6582477647275355
OG_00775,2.361333141220832
OG_00777,1.066085530131126
OG_00781,1.7462640849980415
OG_00787,1.621859040206717
OG_00789,1.940413207745674
OG_00790,1.0225483144030276
OG_00792,1.243945646885786
OG_00793,2.787264898577845
OG_00796,1.1925708268714086
OG_00797,2.9576211432866635
OG_00799,1.7456053489051535
OG_00800,2.017352973742696
OG_00802,1.7248473148325285
OG_00804,1.1812736377770678
OG_00811,1.282010077873122
OG_00812,1.4508067791629504
OG_00817,1.8642660350023288
OG_00818,1.3596523669474103
OG_00822,1.0150272450361564
OG_00828,1.0618726156869946
OG_00829,1.1021020631202911
OG_00830,1.9082931095112237
OG_00831,2.0450052212660945
OG_00833,2.0022974970239686
OG_00834,1.6520973098865457
OG_00835,1.3725985318322451
OG_00838,1.8372279866564067
OG_00841,2.0812769053012596
OG_00843,1.308101365929097
OG_00849,2.3981856775515897
OG_00853,1.3344016255582396
OG_00863,1.0077734226184802
OG_00865,1.3258371204402428
OG_00866,1.562291438175925
OG_00867,2.11287136548934
OG_00869,1.0531839756800283
OG_00871,1.240803933670795
OG_00875,1.685874581757007
OG_00876,1.1770142141211464
OG_00877,1.2737907529672952
OG_00879,1.6475602288292863
OG_00880,2.6534319572958256
OG_00886,1.0403860549548196
OG_00887,1.0716221022226178
OG_00902,1.4181729258104894
OG_00906,1.440420277527806
OG_00912,1.996502877832232
OG_00913,1.223734273686641
OG_00915,1.5222851490609293
OG_00916,3.897709909545268
OG_00918,1.1399746493904648
OG_00921,1.240321937328586
OG_00923,2.1844183769107173
OG_00925,1.2445588792043418
OG_00926,2.1551210686412343
OG_00936,1.967333643212792
OG_00938,3.773817919290861
OG_00943,2.489950694701652
OG_00946,1.099788042363642
OG_00948,2.1044740521346
OG_00952,1.013460653507279
OG_00953,1.1091311318607742
OG_00957,1.368843091193582
OG_00963,1.7650874903774578
OG_00965,1.3100576874198622
OG_00966,1.1330262382237466
OG_00969,1.550124032768617
OG_00972,1.2487637442736903
OG_00975,1.7826088776693492
OG_00986,1.6708525820042317
OG_00990,1.1883883069921573
OG_00992,1.612394552351565
OG_01002,1.332196444080464
OG_01003,1.3821650506038974
OG_01007,1.2053207502334224
OG_01009,1.055700371636378
OG_01013,1.1785684798750902
OG_01014,1.114194347775311
OG_01017,1.3757936745391022
OG_01023,1.4138447443384046
OG_01040,1.2997878240483889
OG_01041,1.563228976962746
OG_01046,1.0360163560709237
OG_01051,1.3678194436946824
OG_01054,1.623664346152641
OG_01055,1.9270623324954013
OG_01056,1.9040828969364092
OG_01062,1.619638633802724
OG_01068,2.324517450288361
OG_01077,1.4616192813527598
OG_01084,1.1137039142390288
OG_01089,2.4482562314296192
OG_01090,2.0641129409823424
OG_01091,2.935834199840236
OG_01092,2.4534920378978957
OG_01097,1.05346922562574
OG_01098,1.0838046193905682
OG_01101,3.2984932302387606
OG_01102,2.2570821937630883
OG_01108,1.3006813475771906
OG_01117,1.760682377828216
OG_01118,1.2028430524124396
OG_01123,1.2299884667828866
OG_01124,1.6502100662307495
OG_01127,2.0710511475879554
OG_01128,1.0517804059673208
OG_01129,1.1617427796958046
OG_01130,2.394831793274972
OG_01131,2.842855622302076
OG_01138,1.2949261108062842
OG_01141,2.01535537529914
OG_01144,1.01886573617373
OG_01145,1.8597433554846805
OG_01147,1.084511381208195
OG_01151,1.05315745555384
OG_01159,1.6943495742801375
OG_01162,1.1172284776598351
OG_01164,2.3765152908245772
OG_01167,1.1369586796179147
OG_01168,1.42063897875229
OG_01172,1.056260706904403
OG_01173,1.4949862873686304
OG_01178,1.4284883733170657
OG_01179,1.7707586311434345
OG_01180,1.7404805020852891
OG_01181,1.3839596467404065
OG_01182,1.667305643107556
OG_01183,1.946516361994596
OG_01185,2.185307390119719
OG_01187,1.7317097123226424
OG_01188,1.1786358817669855
OG_01190,1.815366345278485
OG_01193,1.2950876124578152
OG_01199,1.0247327845219996
OG_01200,1.2974984734416437
OG_01201,1.168980472015077
OG_01206,1.0944416367764789
OG_01210,2.721433878533058
OG_01212,1.067972402024759
OG_01220,2.8985694162783795
OG_01225,1.064204488039727
OG_01228,3.147510873027728
OG_01231,1.3930087323580822
OG_01232,2.063237413840744
OG_01234,1.1013662202851904
OG_01237,1.1991939428788188
OG_01240,1.258316988528544
OG_01241,1.282116391322063
OG_01243,1.7700298669829635
OG_01244,1.0226359519729102
OG_01249,1.1562589131378436
OG_01250,3.506218818199407
OG_01251,1.1010419960281053
OG_01253,1.105071360575548
OG_01261,1.926778697971084
OG_01266,1.1586776538654484
OG_01270,1.76955810360879
OG_01275,1.066272030250793
OG_01277,2.69179281348861
OG_01279,1.635133755780438
OG_01284,1.3038064024058882
OG_01287,1.6771700022524862
OG_01292,1.358535874168435
OG_01301,1.6620511978957184
OG_01302,2.0020417493816156
OG_01303,1.1537752045519336
OG_01312,1.1243194761804949
OG_01313,1.5060864773635043
OG_01315,1.0423452368238493
OG_01316,1.1539288989507956
OG_01317,1.46256508946996
OG_01324,3.113493830380703
OG_01326,1.7919706398441158
OG_01330,1.5494203412168672
OG_01333,1.5533551755338175
OG_01337,1.896870305358999
OG_01342,1.9393444105527449
OG_01344,1.0901581354300205
OG_01346,2.311605462923416
OG_01349,1.633245825749274
OG_01354,2.8059963619563555
OG_01355,1.3219029236918312
OG_01357,1.1308938938459885
OG_01379,2.1775967398692484
OG_01385,2.3898450202422663
OG_01389,1.189048453417738
OG_01392,1.073958170024956
OG_01396,2.266127055470774
OG_01403,1.151903820504347
OG_01411,1.3621017508140505
OG_01419,1.1245244043366849
OG_01425,1.899160309439672
OG_01426,1.535673956530455
OG_01427,1.3990068551504848
OG_01436,1.6988091212320695
OG_01445,1.5865172412811936
OG_01447,1.0125886100238397
OG_01450,3.864908796202738
OG_01452,1.0742182945565375
OG_01453,1.4521955189570617
OG_01455,1.1083168682946485
OG_01457,1.2330956358403036
OG_01459,1.1795347611088047
OG_01463,2.2294340581243057
OG_01469,1.1538329118604864
OG_01475,1.4012142990699736
OG_01479,2.05847739289361
OG_01480,1.4945449018712125
OG_01482,1.786724761499934
OG_01483,1.303459611373598
OG_01484,1.5311400378858544
OG_01486,4.80641336575467
OG_01487,1.05843109631337
OG_01489,1.152246610202197
OG_01492,2.0458862783996508
OG_01494,1.083118045508092
OG_01495,1.399560779108344
OG_01496,1.4359092948393617
OG_01498,1.0709598662155453
OG_01499,1.394074958795332
OG_01506,1.008229269692814
OG_01508,1.4820412807924523
OG_01515,1.6040947556284575
OG_01516,1.5955654107416382
OG_01520,2.9223324068587795
OG_01527,1.431383030649018
OG_01531,2.506247257544387
OG_01534,1.3471643418456192
OG_01541,1.5844743579345515
OG_01544,1.6171843608251255
OG_01546,1.1096256785577645
OG_01549,1.563070897164063
OG_01550,1.0256274838207908
OG_01551,1.2631239681668165
OG_01556,1.155623620818413
OG_01575,1.7642925858477214
OG_01576,1.833626208989762
OG_01580,1.0398913603610662
OG_01583,1.0588356933274057
OG_01584,1.1322398565241902
OG_01589,1.6430070763291136
OG_01592,2.4593347453188055
OG_01593,1.2322039729137817
OG_01594,1.30432118422566
OG_01603,1.2789440491720152
OG_01606,1.9935787896485844
OG_01609,1.0158821066159258
OG_01612,1.6081363327334923
OG_01613,1.3582405432517224
OG_01615,1.6276596333222015
OG_01616,1.431199192738138
OG_01620,4.6774347398165705
OG_01635,1.1949885666568367
OG_01636,3.8509565101838534
OG_01637,1.315576706075761
OG_01639,1.287008116684747
OG_01641,1.1240939461515105
OG_01642,4.104974998325989
OG_01645,3.927999519548742
OG_01646,2.3192772848004917
OG_01654,1.1151748408710205
OG_01656,2.671397996854826
OG_01659,2.194101149086792
OG_01669,1.2898151655496124
OG_01674,1.540521855928542
OG_01679,1.207940156229544
OG_01680,2.6266571240771137
OG_01689,2.6890960412585416
OG_01703,1.460921792966818
OG_01704,1.2250091380479022
OG_01705,2.22183355447958
OG_01706,1.0570593652865514
OG_01715,1.3545501651423648
OG_01718,1.9466600478022664
OG_01719,1.183820138113496
OG_01721,1.530901869793321
OG_01728,2.0116501301265517
OG_01732,1.5044778070318834
OG_01747,1.267636867646071
OG_01748,1.25131015000697
OG_01758,1.4545584068013129
OG_01759,1.6153896206457634
OG_01760,1.6235878058669089
OG_01761,1.143715411489588
OG_01763,1.0365942897439278
OG_01777,2.109470887945872
OG_01778,1.3896164046813897
OG_01779,2.1477348284229505
OG_01782,1.3222107456636665
OG_01784,1.0135843684160355
OG_01788,1.5538482846817978
OG_01793,1.1409662910861178
OG_01810,1.0401988762890455
OG_01813,1.413196840212228
OG_01817,1.0295525980235003
OG_01822,2.452632969505015
OG_01825,1.1006560362928135
OG_01829,1.1267933785802555
OG_01838,1.0109176475631414
OG_01841,1.903963544528246
OG_01845,1.6007099140441203
OG_01853,2.1127229847355693
OG_01854,1.895660711461303
OG_01862,1.2567927700634072
OG_01868,2.3385205046968793
OG_01875,1.6680677658638772
OG_01881,1.0975446242210178
OG_01883,1.8508808155828833
OG_01887,1.00645994091485
OG_01890,1.2388827665011188
OG_01891,1.3908340501750125
OG_01892,1.7992808522120671
OG_01895,2.9679773607948547
OG_01897,2.6981273080652106
OG_01906,1.0988573963319763
OG_01911,1.4897525115655608
OG_01915,1.0329062938131872
OG_01918,1.3776074441449089
OG_01919,3.7324336668603606
OG_01924,3.1234710636420124
OG_01925,1.2497820978108891
OG_01926,2.086727210961977
OG_01941,1.3582458390932508
OG_01947,1.0672760543936912
OG_01950,1.076094975239695
OG_01952,2.04024600173148
OG_01955,2.1528340343995325
OG_01957,2.9417900993267225
OG_01966,2.087818608001867
OG_01967,2.2594136686020234
OG_01969,1.2129199904232473
OG_01971,1.071793730682281
OG_01994,3.0392014708017183
OG_01995,1.5567309319903524
OG_02000,2.709655831847035
OG_02001,2.3783090601063543
OG_02004,1.4417173053671886
OG_02005,1.1155432159605874
OG_02007,1.5907227646054107
OG_02010,1.4638270827658908
OG_02012,2.0021733348463573
OG_02015,2.371844174377032
OG_02024,1.1928019967591064
OG_02031,1.6624374833236346
OG_02033,1.0240022249599388
OG_02039,1.3855522705387464
OG_02040,1.5200516720728594
OG_02043,1.4634821068500905
OG_02049,1.110915615040748
OG_02059,2.899267870512785
OG_02066,1.1630252636835603
OG_02074,1.2535309887314623
OG_02078,1.0196103892325616
OG_02082,1.1461209049357228
OG_02083,1.2204478720361454
OG_02088,1.1163558333273385
OG_02090,5.324530012920092
OG_02093,1.3070462757504009
OG_02099,1.421726905558048
OG_02100,1.392104272605916
OG_02101,3.2533769580568683
OG_02102,1.2508654955091143
OG_02103,1.9179895266216032
OG_02115,1.4830039238797452
OG_02117,1.114969559466995
OG_02119,1.9126788876043963
OG_02120,1.373700723339176
OG_02134,1.2214403845020527
OG_02137,1.1468584460812163
OG_02141,1.5600303785537588
OG_02145,1.1142354183341192
OG_02149,1.602902989072377
OG_02156,2.177985158264857
OG_02158,1.0200471719873996
OG_02163,1.4112267582531688
OG_02165,1.176707557461544
OG_02173,1.4454143041387046
OG_02174,1.2614460059644903
OG_02176,1.091153596279345
OG_02180,1.1373462332634436
OG_02181,1.3029975118819277
OG_02182,2.882919040211147
OG_02186,1.3610726422007446
OG_02187,1.6300104888590383
OG_02189,1.693178129647293
OG_02190,1.217543844960621
OG_02197,1.1558398204916072
OG_02201,1.2670836398669083
OG_02212,1.310643212819941
OG_02213,1.9503356009480752
OG_02216,2.0884703082860274
OG_02219,1.4628376501165716
OG_02220,1.2197372752368778
OG_02221,1.3956988821856031
OG_02226,4.429917895250044
OG_02227,1.4284110539378423
OG_02229,1.878000815055876
OG_02231,1.2422771100308352
OG_02235,1.7693322365816009
OG_02245,2.339046272639791
OG_02252,1.4958677887762444
OG_02254,2.2111668638148347
OG_02255,1.7125851846611015
OG_02257,1.8983315646285095
OG_02258,1.9034297071664057
OG_02266,1.0970448059337927
OG_02270,1.3114887763162195
OG_02280,1.0672914310724622
OG_02288,2.6008258283684103
OG_02289,2.935982325125484
OG_02291,2.597166821918637
OG_02293,1.0930065641136797
OG_02294,1.785309508988704
OG_02296,1.584047409778319
OG_02303,3.039852835799128
OG_02316,2.315914909681236
OG_02317,1.0298969979341013
OG_02319,1.0104205965202873
OG_02324,1.3568340879815406
OG_02325,1.913143153530164
OG_02326,1.3607033476646682
OG_02336,1.13103746430586
OG_02338,2.978061025034919
OG_02341,3.766494024181639
OG_02343,1.1028614740716878
OG_02349,3.0531655102844124
OG_02353,1.519296578329421
OG_02358,1.083276690150384
OG_02359,1.7567901493246891
OG_02369,1.0557410254013675
OG_02372,1.253393509995136
OG_02374,1.1575556736134718
OG_02382,1.0307728273870256
OG_02390,1.0391357351257016
OG_02392,1.2003911169953425
OG_02395,1.8417740410541128
OG_02400,1.6195514416979278
OG_02403,1.4148990078425765
OG_02406,1.6175269869453677
OG_02408,1.9468974373688237
OG_02412,1.6927342240545082
OG_02416,1.0864599937616657
OG_02417,1.1428796041354932
OG_02418,1.288568713632278
OG_02419,1.1691163176763255
OG_02424,1.2422513284311674
OG_02430,1.251569692850087
OG_02432,2.4146211403713314
OG_02434,2.810558452390733
OG_02439,2.1222121969320136
OG_02441,1.0520213521878343
OG_02442,1.6046743519385116
OG_02443,2.2914233056515947
OG_02451,2.1583955483317414
OG_02458,1.220204242291437
OG_02462,1.3954955803551634
OG_02468,1.2194086611190584
OG_02469,1.2541984017174954
OG_02483,1.1793950263556106
OG_02484,2.342115866678466
OG_02486,1.05492971608212
OG_02487,1.0548228758703733
OG_02490,1.387847357769458
OG_02494,1.0322834642711372
OG_02495,1.2538618689043646
OG_02498,1.412157179525403
OG_02499,2.1043498952954094
OG_02501,1.3627802203436707
OG_02503,1.7805730251091174
OG_02507,1.0133686282459369
OG_02508,1.2846496782145804
OG_02514,1.858647477164554
OG_02516,1.6929296590155396
OG_02525,2.3841570855565664
OG_02527,1.133630076319169
OG_02531,1.8528921314821785
OG_02532,2.1042096631854967
OG_02534,1.0420060544606529
OG_02536,1.0238894645094043
OG_02537,4.222295507434187
OG_02539,1.1110771324511006
OG_02540,2.2001396380914846
OG_02547,1.0321628474956326
OG_02550,1.3417009818275143
OG_02556,1.5153139002206648
OG_02557,1.0295095511836114
OG_02571,1.1748017879444752
OG_02583,3.3480669171525004
OG_02587,1.4751126575379692
OG_02602,1.0976202487563511
OG_02606,1.1064397030355269
OG_02607,1.9257299722482304
OG_02609,1.9572297783731216
OG_02617,1.5281758509926222
OG_02623,1.1010748934203467
OG_02624,1.5705606809550312
OG_02626,1.5003519817046898
OG_02633,1.615278671350237
OG_02635,1.2823106605232897
OG_02636,1.9314278220666896
OG_02637,1.787588058869041
OG_02638,1.983741765821485
OG_02640,2.2486395753298645
OG_02643,1.1307601105317475
OG_02651,1.1410571816181785
OG_02652,1.024872256141396
OG_02657,1.5863719577334414
OG_02658,1.304578775857349
OG_02661,1.3742196003122829
OG_02664,1.7198837567818863
OG_02666,2.247177301942002
OG_02669,1.0661854230025951
OG_02676,1.104516310228739
OG_02684,1.0599571479276475
OG_02686,1.2735017182436807
OG_02688,1.115191972112895
OG_02689,1.5234901119589903
OG_02690,1.019730013688619
OG_02691,1.1312786053031154
OG_02692,1.6609911108421584
OG_02693,1.3922482517029144
OG_02694,1.6829942527356232
OG_02695,1.1361317472908097
OG_02699,3.0986490259966537
OG_02702,1.4286002741377375
OG_02706,1.447878000058203
OG_02712,1.4130962210692282
OG_02717,1.6208082761004603
OG_02718,2.421261382659207
OG_02719,1.4792023110771193
OG_02724,1.05488451699498
OG_02726,1.4032688749915252
OG_02727,1.8860931269735977
OG_02728,2.2927354853303994
OG_02733,1.1193291631119704
OG_02740,1.5724898538428294
OG_02741,1.0879815990685155
OG_02747,2.2406385240341233
OG_02750,1.592597558867728
OG_02754,1.6303412468002905
OG_02759,2.566975589783993
OG_02765,1.7363919978580118
OG_02767,1.284291384847431
OG_02768,2.6170885978688823
OG_02770,1.9497228794353776
OG_02775,1.2261938930149656
OG_02777,1.9845767019450449
OG_02791,1.6792389047142628
OG_02795,1.5979301944526765
OG_02798,1.558929270896746
OG_02799,1.305221624058493
OG_02805,2.1374701084310415
OG_02807,2.667259651408712
OG_02815,1.3047156609228765
OG_02822,1.437235402185922
OG_02823,1.663509080036292
OG_02826,1.4526900325909402
OG_02828,1.5298766511917872
OG_02830,1.5371858809479164
OG_02833,1.770288101007996
OG_02840,1.1198920176773846
OG_02843,1.033070672581049
OG_02845,1.7245403656546774
OG_02849,1.6204229853400645
OG_02853,1.9326248429806605
OG_02859,1.060265491828961
OG_02861,1.3885383759917465
OG_02865,1.7846910485902054
OG_02872,1.07815010181337
OG_02886,1.0519786302545162
OG_02888,1.0390159464411046
OG_02889,1.748991706885158
OG_02890,1.229201342304266
OG_02893,1.239790904755068
OG_02895,1.9043209929199512
OG_02896,1.1162635496649922
OG_02902,1.5783640971841162
OG_02903,1.057324928299781
OG_02905,2.1339528779742816
OG_02906,1.7283754499556825
OG_02907,1.4884691031877717
OG_02908,2.2820136916071205
OG_02910,1.7543815611635676
OG_02912,1.2549528184567336
OG_02916,2.2295258827406097
OG_02925,1.998177134320945
OG_02927,3.8263053933632447
OG_02928,1.0957918168954062
OG_02929,3.0308779436625444
OG_02930,1.0924477745973469
OG_02934,1.1550603269836128
OG_02936,3.294279404955684
OG_02942,2.162402413478046
OG_02944,1.3243769798432428
OG_02948,1.8783075480545297
OG_02949,1.5209432703521466
OG_02952,2.4807938679292203
OG_02954,1.0523312549507844
OG_02956,1.4873876415143477
OG_02961,1.1001398671769096
OG_02966,1.2431008986936125
OG_02968,1.7381285700364448
OG_02969,2.3317528239872876
OG_02972,1.5667380260931882
OG_02973,1.342922837475775
OG_02974,2.2635365701503503
OG_02975,2.18505889061692
OG_02976,2.6623274133543178
OG_02980,1.3965368419981634
OG_02982,1.3164596097805508
OG_02986,1.3461999642674147
OG_02991,1.4614742701507135
OG_02993,1.5960906571989155
OG_02997,1.6203160991110614
OG_02998,3.4097328587070295
OG_03001,1.4266336497526793
OG_03003,1.8277515830866673
OG_03007,2.162618928150359
OG_03008,1.0507004023056383
OG_03011,1.303561069892931
OG_03014,1.0952004040678618
OG_03017,1.1460346712944318
OG_03028,1.3107735835020948
OG_03032,1.1087561741921348
OG_03037,1.1207351149740652
OG_03038,2.1064914196941213
OG_03039,3.1531962598415064
OG_03042,1.3766858035716123
OG_03047,1.8193169803061735
OG_03048,1.02402515538532
OG_03049,1.1656820887157011
OG_03051,1.481661190602673
OG_03052,1.4180308110680078
OG_03061,2.093579739733925
OG_03067,1.2303447165800825
OG_03068,3.4361982621792144
OG_03070,1.680542207807082
OG_03072,1.05344288990416
OG_03076,1.4440482678553648
OG_03077,1.4650559189164287
OG_03079,1.5509622907378011
OG_03080,2.754612921543597
OG_03082,1.4442762287348394
OG_03083,1.1862015836136348
OG_03084,1.9223950697851049
OG_03085,1.323732125086288
OG_03086,1.8578114446715428
OG_03087,1.174004990579781
OG_03088,1.661807835201221
OG_03099,1.5712999367205307
OG_03101,1.3156946401552838
OG_03103,1.7896897593132683
OG_03106,2.236036962085283
OG_03107,3.0312633690774136
OG_03108,2.688781894324221
OG_03121,1.2676618510794997
OG_03122,3.23576701691341
OG_03125,2.515226964914453
OG_03126,2.491844174075949
OG_03127,1.2877865375195832
OG_03130,1.3140216201009516
OG_03132,1.0440346968436087
OG_03136,1.293585040345705
OG_03138,1.5129845059478866
OG_03140,1.0681259714553313
OG_03141,1.467419735126653
OG_03146,2.3642254009150503
OG_03147,3.389514801224706
OG_03161,1.076638669272945
OG_03163,2.1780805615607086
OG_03168,1.2968819621031566
OG_03171,1.684467968923278
OG_03179,1.825453753356845
OG_03180,1.2196389601397983
OG_03187,2.142151513696187
OG_03188,1.1119386557391204
OG_03191,1.3145047912680112
OG_03192,1.420719191715786
OG_03193,2.492121155294047
OG_03195,1.2375196937023103
OG_03201,1.4856618686894667
OG_03203,1.054570792616442
OG_03204,1.3128706296084098
OG_03207,1.479650306082959
OG_03208,1.4263547116031832
OG_03210,1.5728675459087842
OG_03214,1.1465167314799802
OG_03216,1.784334800633904
OG_03217,1.4937252125135498
OG_03220,1.3363504933802095
OG_03221,1.195069070764878
OG_03222,1.039209709806146
OG_03229,1.498525876370015
OG_03237,1.703130013004901
OG_03239,1.4992690529176698
OG_03241,1.2520945055325587
OG_03248,1.0517222729659457
OG_03250,1.4067991666698827
OG_03251,1.243837868053025
OG_03252,1.411777841005922
OG_03254,1.2913894804394277
OG_03255,1.0129282155935009
OG_03256,1.2226923253968314
OG_03260,1.498808727271758
OG_03263,1.42562353110363
OG_03264,1.0347279111318473
OG_03268,1.06791744930964
OG_03269,3.727457171500987
OG_03274,1.475923229412522
OG_03278,1.2645124706296438
OG_03281,1.8369878522200975
OG_03285,1.3844295913583746
OG_03286,2.268532296224097
OG_03288,1.076614756479617
OG_03289,1.1330500066796985
OG_03303,1.2108719531722387
OG_03304,1.8830585207580943
OG_03305,1.5775615965812675
OG_03309,1.4876090040125602
OG_03310,1.2001841476919275
OG_03313,1.7925097685112608
OG_03315,1.9053049166975768
OG_03316,1.5081434958337971
OG_03317,1.5153309175790466
OG_03318,1.839392829355385
OG_03320,1.116482798355089
OG_03321,1.2967286289366895
OG_03335,3.638859457194074
OG_03342,1.189941131410486
OG_03345,1.4882151143093787
OG_03353,2.9130888917761095
OG_03360,1.6090599539299566
OG_03361,1.7818774367952237
OG_03364,1.024978228984018
OG_03371,1.4215175652889722
OG_03375,1.001623087476561
OG_03380,1.5027285999613675
OG_03390,2.679344829545019
OG_03394,1.4428616345851693
OG_03398,1.561383333603828
OG_03399,1.2593847156005915
OG_03400,1.239365953288598
OG_03409,1.0221345064355896
OG_03413,1.0572380366788798
OG_03421,1.5058429819477954
OG_03428,1.367478923331264
OG_03429,2.9783287993114045
OG_03441,1.2243220497615392
OG_03442,1.1307260379912003
OG_03443,1.1450426075275737
OG_03445,2.197239752236229
OG_03446,1.5995865758593095
OG_03447,1.5837279138712663
OG_03448,1.164441938654333
OG_03456,3.1894776559847213
OG_03457,2.787234487918709
OG_03458,1.1261155658921027
OG_03459,1.2845693487926657
OG_03466,1.0185581212707489
OG_03467,1.0591287335626558
OG_03469,1.36587845648661
OG_03470,1.5204138202969912
OG_03473,1.4303832736092066
OG_03478,1.1499757199803209
OG_03483,1.2265459999940151
OG_03492,1.1430276048269974
OG_03494,1.36726233272637
OG_03495,2.0099005989523113
OG_03500,1.1593340225685769
OG_03507,1.8398328486128843
OG_03510,1.0096407847344324
OG_03511,1.0822953105792734
OG_03513,1.1134642962931478
OG_03521,2.03352475182495
OG_03526,1.2738390487467304
OG_03534,1.2162668230060083
OG_03538,1.283539923134755
OG_03544,1.660468285782906
OG_03551,1.136071828229437
OG_03558,1.9276001132841536
OG_03563,1.1558652006987926
OG_03565,1.805598113842597
OG_03569,1.026778639729499
OG_03574,1.0625521674197358
OG_03579,1.859784619589304
OG_03582,1.01063585811136
OG_03590,1.2502499714693431
OG_03594,1.0606284111940765
OG_03616,1.2059118945874197
OG_03619,1.5001611417706218
OG_03623,1.5704250782902522
OG_03638,1.1260406189536647
OG_03639,1.4788823241519695
OG_03649,1.2007000453232144
OG_03653,1.0175751134532631
OG_03655,1.1592681582148914
OG_03658,1.0089079754630497
OG_03659,1.169950690873902
OG_03662,1.0783586825774991
OG_03667,1.4516821796770347
OG_03670,1.514899019900919
OG_03671,1.0409403116570253
OG_03677,2.649094820259988
OG_03680,1.479335850304658
OG_03682,1.4241943771420031
OG_03684,1.0559441544442956
OG_03687,1.1176218326223373
OG_03696,3.647559512265365
OG_03697,1.3815699124552905
OG_03703,1.088585969021216
OG_03707,1.122772455243484
OG_03718,1.0029646228643665
OG_03720,1.1931825570019203
OG_03721,1.0612399189616906
OG_03722,2.238692439062138
OG_03724,1.9091402966470232
OG_03728,1.8751932895495944
OG_03733,2.123204407307988
OG_03736,1.1267338568763956
OG_03737,1.2381239830041342
OG_03740,1.2314163731166046
OG_03743,3.4894769491936
OG_03752,1.691349039420078
OG_03758,1.528449553335724
OG_03759,3.03602782384252
OG_03761,1.0816324432811324
OG_03763,1.5553771628939512
OG_03766,1.1068575550057578
OG_03768,1.172522769999137
OG_03769,1.0296181756806535
OG_03773,3.1059128059813186
OG_03774,1.323320020893768
OG_03777,1.3700702011348114
OG_03778,1.213355108155802
OG_03779,1.6614713559109155
OG_03780,2.868173312905366
OG_03781,1.68320813236272
OG_03783,1.733942712478508
OG_03785,1.6099114471344471
OG_03788,1.300629569522155
OG_03790,1.2125324184497186
OG_03793,1.4093328636026867
OG_03804,1.2497476641856995
OG_03809,1.1951186027202956
OG_03812,1.3758406361490605
OG_03813,1.0069835468347967
OG_03818,1.2779862619781484
OG_03822,1.4614912581063353
OG_03826,1.046446340627714
OG_03827,1.3945739264858392
OG_03830,1.049576062724808
OG_03832,1.6358650220700683
OG_03834,1.423695113600569
OG_03842,1.224986767512256
OG_03845,3.85465733512481
OG_03847,2.580865165368294
OG_03848,1.127864387861605
OG_03850,2.2157215759076
OG_03853,2.3276778045212865
OG_03854,1.25557857735575
OG_03856,1.0223365905499502
OG_03858,1.27129984907729
OG_03859,1.154768697955923
OG_03860,2.2740524806845506
OG_03861,1.1510344618533648
OG_03864,1.20340659446129
OG_03869,1.594923123447917
OG_03875,1.1385839474278718
OG_03882,1.129855327378134
OG_03885,2.119604281804206
OG_03890,1.4662861524343742
OG_03899,1.8242572120966576
OG_03903,2.1267888901404386
OG_03906,2.6169203879724874
OG_03909,2.6381242709542825
OG_03910,1.0286312282579644
OG_03911,2.426267202168935
OG_03918,1.2316762361797151
OG_03919,1.7676030977480064
OG_03926,1.3906600146568444
OG_03930,1.5447053859796966
OG_03932,1.516803179455126
OG_03933,2.0468965311774645
OG_03934,1.2034403481957492
OG_03936,1.2818716959529382
OG_03940,1.2542089843294202
OG_03949,1.2912786394834246
OG_03950,1.062188505658982
OG_03961,1.7148860402487656
OG_03963,1.4646012142132738
OG_03964,1.9192557634522764
OG_03967,1.7824831549885132
OG_03968,1.6897799080280966
OG_03969,1.3751857130433345
OG_03971,2.228420848763869
OG_03982,1.037336634234414
OG_03985,1.3750370265507503
OG_03988,1.0568209399333088
OG_03995,1.0684594341574314
OG_03996,1.2034734174895465
OG_03999,1.0980706002718232
OG_04004,1.2904773061143355
OG_04006,1.4931019620044603
OG_04008,1.3500426957937608
OG_04010,1.9732899162350688
OG_04018,1.5750326401462436
OG_04022,1.393395328703965
OG_04024,1.066486022571968
OG_04039,1.8119768122116968
OG_04041,1.8766841668208856
OG_04044,1.9031344560460284
OG_04050,1.1410251175873205
OG_04052,1.3961717349639098
OG_04053,1.3172874030567727
OG_04054,1.2215541997755273
OG_04056,1.0179936860691414
OG_04057,1.0119348413123612
OG_04060,1.7815255884865706
OG_04064,1.1414249396008638
OG_04068,1.5084724416185091
OG_04083,1.9068843076893895
OG_04087,1.2417315119388892
OG_04089,1.1216204122114624
OG_04090,1.558207197374326
OG_04091,1.251387140502516
OG_04092,1.0172686733320682
OG_04096,1.8638266618897024
OG_04100,1.7894053750171115
OG_04102,1.8052814457903672
OG_04108,1.6114157097311084
OG_04110,2.267733338262083
OG_04113,1.850508522349108
OG_04119,3.0586235681524054
OG_04120,2.0341591760358857
OG_04122,2.5110426378464576
OG_04124,1.201768101711427
OG_04127,1.6162239632556716
OG_04128,1.070852370977761
OG_04132,1.1332718105176185
OG_04133,1.3226698351213928
OG_04141,1.290418838948605
OG_04142,1.4692778555036663
OG_04152,1.1469249342297334
OG_04158,1.1246415793650455
OG_04159,1.0935729804201342
OG_04160,1.3791578352388816
OG_04163,1.2850066108113216
OG_04170,1.2312393547670943
OG_04173,1.1940508954552236
OG_04174,1.380044814858291
OG_04181,2.4170790954128902
OG_04188,2.0239466716838814
OG_04193,1.1552423786204185
OG_04195,1.3266385340508005
OG_04204,1.3790427399192309
OG_04205,1.4043390367748765
OG_04212,1.4312980207803363
OG_04217,1.3365398974516858
OG_04218,1.1477649357428104
OG_04219,1.7851299575746102
OG_04220,2.1007622769166883
OG_04223,2.383709335928737
OG_04227,1.1624021405167109
OG_04229,1.322872119230503
OG_04236,1.1345830713919305
OG_04238,1.1192434196380605
OG_04239,1.1063690697019617
OG_04250,1.7807321599651194
OG_04252,1.1574859061023994
OG_04253,2.0011798090836708
OG_04256,2.124954735974314
OG_04259,1.5254746673557689
OG_04261,1.419018816657168
OG_04264,1.21857079028189
OG_04265,1.4876138987132157
OG_04269,1.028815457408118
OG_04270,1.1194934173017137
OG_04271,1.0250959283405965
OG_04272,1.3091413618856416
OG_04275,1.0185566166885902
OG_04278,1.8238366231129688
OG_04280,1.2653979211325217
OG_04285,1.2103782791945097
OG_04291,2.852348354944775
OG_04296,1.5711820821151377
OG_04297,2.0367631654611817
OG_04298,1.8364948092850537
OG_04299,2.3662352079281623
OG_04300,1.5071201813184751
OG_04302,1.8497824186020837
OG_04304,2.7852707982915788
OG_04309,1.605018976542326
OG_04311,1.769562330905023
OG_04312,1.4178678351766465
OG_04314,1.184619043350276
OG_04317,1.0884200785713278
OG_04319,2.0036299617067432
OG_04329,1.1535741755585105
OG_04330,1.161978602836217
OG_04331,1.4006218930534364
OG_04335,1.3861702618751948
OG_04338,1.8001776996512455
OG_04339,1.2531384868835675
OG_04340,1.0793203609499578
OG_04344,2.530870531744964
OG_04345,1.3208013871022957
OG_04346,1.320581505223211
OG_04350,2.411456189549088
OG_04351,1.7629082005000771
OG_04353,1.406024184280237
OG_04354,1.2553515303340768
OG_04361,1.0568284495536977
OG_04363,1.0638749605612765
OG_04367,1.0105599748663767
OG_04369,1.31748972414346
OG_04371,1.3533670330950915
OG_04373,2.172158640790113
OG_04376,1.3835472425437256
OG_04379,1.0273371149517088
OG_04380,1.0533542711068162
OG_04385,1.414557925806751
OG_04390,1.1848318922822203
OG_04392,3.039755285968628
OG_04393,1.0988938081122277
OG_04396,1.0882649232898296
OG_04397,1.3096582101822911
OG_04398,1.2247623405944648
OG_04400,1.257340773070554
OG_04401,1.8059819421245291
OG_04404,1.4339204814886055
OG_04408,1.3692993962091429
OG_04415,2.375712420255518
OG_04421,1.0309108505456828
OG_04427,1.8809053393076045
OG_04434,1.4484032445285089
OG_04437,3.326953220245034
OG_04439,2.730745430401817
OG_04441,2.4994561765136254
OG_04450,1.999581817149582
OG_04454,1.3274118638925954
OG_04455,2.451826384084053
OG_04456,1.2413229152850314
OG_04463,1.1976732327815518
OG_04465,1.1470072499867665
OG_04467,1.7022679022790503
OG_04469,1.0107260305121204
OG_04470,1.9285302701700855
OG_04474,1.640319036921004
OG_04475,1.3139566105837337
OG_04476,2.4267460013265385
OG_04479,1.1026111582190012
OG_04484,1.8672839286244485
OG_04487,1.3629460274516902
OG_04489,1.2327934695978937
OG_04490,1.4425746304307752
OG_04495,1.4304688782617194
OG_04496,1.2674306648039753
OG_04507,1.1477475092074936
OG_04508,2.9468144019484295
OG_04509,1.0573247302536823
OG_04510,1.849106046042734
OG_04513,2.4492693957498326
OG_04514,2.6629236340990223
OG_04515,1.2950154064984092
OG_04516,3.3890655888541334
OG_04524,2.373028211858135
OG_04526,1.4312470399258086
OG_04538,2.962445669511584
OG_04540,1.619499393433657
OG_04544,2.2540150078607373
OG_04545,1.3466212581673456
OG_04547,2.422671525325519
OG_04553,1.9072644541705988
OG_04559,1.131126244172518
OG_04560,1.5021517274734686
OG_04563,1.0723916204169357
OG_04568,1.2427256351215012
OG_04574,1.9035083756369144
OG_04575,1.807609507893918
OG_04587,1.260305251128734
OG_04596,1.7724744416885851
OG_04600,1.5688704944694087
OG_04601,2.723196028510249
OG_04604,2.10048944918819
OG_04608,1.271330824554198
OG_04609,1.089641456546103
OG_04610,1.1398021693789526
OG_04615,1.1611133056326908
OG_04616,1.5686413776152004
OG_04617,1.7042776678254197
OG_04618,2.727138577231998
OG_04619,1.8268760462076936
OG_04620,3.0510718701007757
OG_04621,3.455258910857936
OG_04624,1.479286211983218
OG_04625,1.0842947087232404
OG_04627,1.278797473726231
OG_04630,1.13385313218655
OG_04638,1.2622456120010843
OG_04639,1.1988680438208843
OG_04641,1.2325776574882827
OG_04642,1.346798199517064
OG_04646,1.2441840549211742
OG_04649,1.327586890890423
OG_04651,2.442289155543264
OG_04652,1.800205059227259
OG_04660,2.387429757895307
OG_04666,1.2774623704563841
OG_04669,1.0102083003734277
OG_04677,2.300557416673155
OG_04684,1.7556100315730236
OG_04692,2.6471877662781065
OG_04693,3.35829970825102
OG_04699,1.341549328209578
OG_04704,1.1614169464021185
OG_04711,1.1708371628640728
OG_04714,1.3575060622184072
OG_04717,1.368306134230447
OG_04719,1.6741450496997237
OG_04720,1.1122144388382016
OG_04721,1.8635330623109096
OG_04723,1.1845858241459808
OG_04728,1.3008548067990011
OG_04733,1.1201742330844655
OG_04737,1.762147572454997
OG_04738,1.7264265324112602
OG_04739,1.5934023056437734
OG_04740,2.079109247223152
OG_04741,2.7911808486081036
OG_04747,2.2965532776782767
OG_04748,1.995463984934364
OG_04754,2.314148522701918
OG_04757,1.479979660228967
OG_04758,1.207545553321325
OG_04764,1.1731849986321503
OG_04765,2.7424895349578096
OG_04771,1.108753832627915
OG_04775,1.007608295482227
OG_04777,1.0323286894924737
OG_04778,1.241667657167051
OG_04780,1.633546376710146
OG_04783,1.3474896372621976
OG_04784,3.4557429587601445
OG_04785,1.3074022683958058
OG_04786,1.1748399768183997
OG_04789,1.1448329066873757
OG_04795,1.317861377997967
OG_04799,1.8636977180234828
OG_04801,1.591497351109167
OG_04808,1.5357813105859366
OG_04814,1.3638261777277882
OG_04815,1.190587719791913
OG_04819,1.1246701428088086
OG_04825,2.322977412252286
OG_04830,2.561998567961685
OG_04831,1.168172693190541
OG_04837,2.3254654487096325
OG_04840,1.518916920451464
OG_04843,1.6061849121458311
OG_04854,1.1064137434774322
OG_04855,1.9835522667007268
OG_04857,2.2296351307256894
OG_04858,1.328105665946963
OG_04862,1.7465126598631675
OG_04869,1.500225152825072
OG_04870,2.0623932299101626
OG_04875,1.2541533974877002
OG_04880,1.2793929266274442
OG_04882,1.0408485668922889
OG_04883,1.1066336517276254
OG_04885,2.033236536046396
OG_04889,1.019734008432501
OG_04890,2.49335893345979
OG_04894,1.036465438826683
OG_04895,1.5902489020318995
OG_04896,1.0762220386610062
OG_04898,1.0244262337109389
OG_04900,1.222883272472184
OG_04908,1.4727639897785456
OG_04909,1.0703096130450058
OG_04915,1.632417321588954
OG_04922,1.4524230805125509
OG_04928,1.111877688702623
OG_04930,1.0672361756214217
OG_04933,1.749667433566553
OG_04934,1.4266719224312707
OG_04937,1.261421989773244
OG_04938,1.5233046495748632
OG_04939,1.184280080032689
OG_04945,1.650261234940794
OG_04948,1.395214255120381
OG_04949,1.2574139879003037
OG_04953,1.2812988370506535
OG_04961,1.518364159902324
OG_04962,1.5590267743114312
OG_04969,1.5622871003650791
OG_04971,1.2329209980054403
OG_04976,1.541743629574187
OG_04977,1.036736379182636
OG_04979,1.4861336807846708
OG_04980,1.3657638587077698
OG_04981,1.3039108546775355
OG_04983,1.439008007406134
OG_04984,1.066995238823027
OG_04985,1.2815923628117485
OG_04987,1.07399480990201
OG_04988,1.1642703508791754
OG_04992,1.4900310404800647
OG_04994,1.770608725928535
OG_04997,1.126196377686989
OG_04999,2.711900780682595
OG_05010,1.823986069982636
OG_05015,1.4856551157570708
OG_05022,2.609831262567787
OG_05023,1.408839750399541
OG_05025,1.4837225208058569
OG_05026,1.1614143756364577
OG_05031,2.209183244279181
OG_05032,2.2425364838295763
OG_05043,2.141628047388891
OG_05044,1.0966069818429895
OG_05048,1.0027226814375756
OG_05053,1.2972645981305515
OG_05060,1.0299465551346818
OG_05062,1.885942674605249
OG_05068,1.1369802040513448
OG_05069,2.477146636853091
OG_05071,4.554286296852815
OG_05075,1.577252589926584
OG_05083,1.6653097734104307
OG_05087,1.6267369146374902
OG_05090,1.0816278813292626
OG_05092,1.17722371591131
OG_05094,1.983445531356048
OG_05099,1.1634560385130734
OG_05100,1.0940621707775722
OG_05103,1.0804065654257249
OG_05106,1.1496221049944009
OG_05107,1.2348623299845083
OG_05110,1.3581951535248564
OG_05113,1.1336437854143313
OG_05119,1.418935425807046
OG_05121,1.2044942892996513
OG_05124,1.342875303736733
OG_05134,1.191147349074419
OG_05136,1.3007019546325134
OG_05147,1.1035415621514608
OG_05149,2.4844706092653746
OG_05150,2.354288327125032
OG_05152,1.688395588146876
OG_05157,1.3468334648276878
OG_05169,1.5215354968632129
OG_05174,1.4321123346364344
OG_05175,1.459445466806156
OG_05177,2.3278671287363326
OG_05183,3.9999464210546023
OG_05184,1.052328240358466
OG_05186,1.2677440316804465
OG_05190,1.2249985373329035
OG_05191,2.1598611932655407
OG_05192,1.2141067841073945
OG_05194,1.4916688504115143
OG_05198,3.560135735751517
OG_05199,1.028383215009636
OG_05200,2.3864169623955873
OG_05205,1.0938543960606644
OG_05206,1.2605394900207902
OG_05208,1.437876922243596
OG_05209,1.1473395216920743
OG_05214,1.460591567738566
OG_05215,1.4520635141481626
OG_05220,1.0871579701995235
OG_05223,2.238577779198077
OG_05224,1.5537248039084834
OG_05226,2.1696673762331287
OG_05227,1.2490850341649395
OG_05231,1.541162827701422
OG_05235,1.1615428096521074
OG_05247,1.2204138207929214
OG_05252,1.0197057692217102
OG_05253,2.366530240183247
OG_05259,1.1240507351558522
OG_05262,1.6365529945393098
OG_05267,1.8403458205501524
OG_05268,1.538134592740566
OG_05274,1.4474487853691111
OG_05281,1.0115844067344202
OG_05283,1.0392808430353375
OG_05286,2.9138259630127177
OG_05294,1.295702104235651
OG_05300,2.1366276397833612
OG_05301,1.415453650435564
OG_05303,1.7445386924842583
OG_05304,1.3480441036082946
OG_05305,3.377059774924114
OG_05309,1.665106474378581
OG_05311,1.0652192703353105
OG_05318,1.1947926020416415
OG_05323,2.4314636138953345
OG_05325,1.2306938178453872
OG_05336,1.2693307599987906
OG_05337,1.0365341741041858
OG_05341,1.377863186825072
OG_05342,1.8988478426826556
OG_05343,2.5388422251007072
OG_05344,1.2596988986967683
OG_05350,1.6778471646014033
OG_05366,1.2515093796133294
OG_05370,1.1952633217038675
OG_05371,1.0124288012578693
OG_05377,2.418374415980346
OG_05392,1.0095783294418152
OG_05402,1.5743403274282912
OG_05407,1.4809524715941969
OG_05410,1.9415113058591995
OG_05414,1.0839961164645764
OG_05415,1.130325690937434
OG_05416,1.3460798460547112
OG_05418,1.517501422909639
OG_05420,1.4510255008617845
OG_05423,1.1693105614590205
OG_05425,1.044997968061245
OG_05427,2.751547214626204
OG_05436,1.5126381234380517
OG_05438,1.1739267507065538
OG_05440,1.483453474594806
OG_05442,1.105206942131033
OG_05443,1.2006481617804097
OG_05445,1.6676182162894622
OG_05446,1.4712945023623991
OG_05450,1.2215458548113047
OG_05452,3.0518846237441997
OG_05453,1.963597297324717
OG_05457,1.3393900102687444
OG_05460,1.7583064016581385
OG_05467,1.3582842969169806
OG_05468,2.032050768884493
OG_05471,2.062332632396407
OG_05474,2.1819180721292204
OG_05477,1.5212987284950572
OG_05478,1.8022896797130423
OG_05485,2.1190618529106624
OG_05486,2.3153762397429514
OG_05489,1.4699508047922436
OG_05492,1.3948600180551551
OG_05497,1.1471924899701604
OG_05503,2.4192187850252473
OG_05504,1.494533261376835
OG_05507,1.5393874854327845
OG_05512,1.1615812605209672
OG_05514,1.4014617453376832
OG_05515,1.3630483687741095
OG_05516,1.025463663952905
OG_05517,1.09483217358383
OG_05520,2.0117831249228937
OG_05523,1.1190262847238894
OG_05528,1.4403864176022618
OG_05530,1.0653182767562273
OG_05531,2.7103490988147727
OG_05533,1.3395190929368732
OG_05537,1.0535554076920546
OG_05542,1.055655048603289
OG_05543,2.86998926696701
OG_05548,2.020969571383135
OG_05551,1.6122444599388794
OG_05556,1.9439533490613312
OG_05557,1.1786426135237251
OG_05559,1.288720148902638
OG_05565,1.2326764314621632
OG_05570,1.428330299419617
OG_05571,1.0338178526496864
OG_05572,1.542715632798984
OG_05573,1.2190365653954056
OG_05587,1.2403194848752723
OG_05589,1.9306606215831268
OG_05593,1.3137182548165418
OG_05601,1.7687364199973894
OG_05603,2.0637474578919957
OG_05604,1.3009217568172824
OG_05609,2.1853670978224073
OG_05610,2.849584537540748
OG_05611,1.3882132281887585
OG_05612,1.3156097042060388
OG_05613,1.3112470045592457
OG_05617,1.8552417626474624
OG_05618,1.2300670520564512
OG_05621,1.3329215233969438
OG_05625,1.4178672388763218
OG_05626,1.4069580677160811
OG_05632,1.179953851508749
OG_05636,3.0403293455104228
OG_05637,1.7606809697865495
OG_05640,2.6957648488390604
OG_05642,1.0409270532767811
OG_05645,1.088385270932541
OG_05651,1.4283975457833928
OG_05654,2.484101234981878
OG_05661,2.18645517801357
OG_05666,1.2260505110355435
OG_05667,1.1656222347661709
OG_05669,1.0510520334741764
OG_05670,1.903702746191844
OG_05671,1.044900905396094
OG_05674,1.107429300724863
OG_05679,2.2607143298381884
OG_05680,1.2485138022355309
OG_05683,1.1248029748034325
OG_05689,1.5910654693488475
OG_05690,1.555135214217105
OG_05691,1.8311558469194116
OG_05695,2.5999432938776748
OG_05698,2.385197856301242
OG_05704,1.301190082888084
OG_05711,1.4384464085712425
OG_05713,1.6500077104713138
OG_05716,1.324860251729209
OG_05721,1.465859530926276
OG_05726,3.136946068253132
OG_05727,1.346686753455157
OG_05729,1.0795907965241474
OG_05731,2.755026209619822
OG_05742,2.0324890057731557
OG_05745,1.5661999745037145
OG_05749,1.7794497901242146
OG_05750,1.4267523694012316
OG_05753,1.4337562403905046
OG_05755,1.751983482395281
OG_05757,2.8154444488428
OG_05759,1.2898682193469766
OG_05760,1.0692430690368144
OG_05761,1.1429186333301495
OG_05765,1.6306054873755178
OG_05769,1.7180141476049222
OG_05770,2.765305118393115
OG_05776,1.7906853450633515
OG_05777,2.2323119487343073
OG_05783,1.4850811606217582
OG_05784,1.1318625743649335
OG_05786,1.1797198230767578
OG_05789,2.0470755354077834
OG_05794,2.3310047948612236
OG_05802,1.3105305278616968
OG_05805,1.1268605207165303
OG_05808,1.0370996050309609
OG_05809,3.323909066379921
OG_05810,1.237674199232332
OG_05813,2.1667406341980024
OG_05817,2.417660886136018
OG_05819,1.2585327567943303
OG_05826,1.212161231131884
OG_05828,1.0331491514428257
OG_05833,1.0857896652418149
OG_05841,1.0862238613216737
OG_05843,1.526706507074748
OG_05844,2.8110740003769275
OG_05845,1.783608555221467
OG_05850,1.4714705779763495
OG_05851,1.311277683041992
OG_05854,1.7749302646645393
OG_05855,2.2030425731681804
OG_05856,1.5341630710343792
OG_05858,1.6079547023143292
OG_05859,1.4756603077415966
OG_05860,1.7089925628965894
OG_05863,1.4881281167397131
OG_05865,1.3023444603709975
OG_05866,1.3324386758593108
OG_05873,1.3798733002206869
OG_05874,1.4307430833912056
OG_05875,1.6645497361597483
OG_05876,2.1549036396398393
OG_05883,1.0718956019318528
OG_05888,1.7781800634966742
OG_05890,1.3333522884124491
OG_05891,1.355475072675409
OG_05895,1.11368833035436
OG_05896,1.7832584455927618
OG_05902,3.357455365016379
OG_05903,1.087419745497648
OG_05910,1.4205849010304592
OG_05915,1.6081899215187725
OG_05916,1.025682228101361
OG_05917,1.203707752096701
OG_05921,1.1995874829337465
OG_05922,1.0384432785631574
OG_05926,1.2689183833317472
OG_05927,1.3127052457314163
OG_05932,1.016133955088809
OG_05938,1.441597795837076
OG_05940,1.1099595883143194
OG_05942,1.0378087994778138
OG_05949,1.3322673393490612
OG_05952,2.0993091791647873
OG_05953,1.3404081921413915
OG_05954,1.018023909145419
OG_05955,1.3343697646370891
OG_05962,1.435043050482085
OG_05965,3.0222326855449047
OG_05966,1.4850275635925294
OG_05971,1.2862264307320026
OG_05977,1.8167806139513816
OG_05987,1.5626939351144815
OG_05988,1.5045779566440185
OG_05990,1.068024929566179
OG_05999,1.1616453338487858
OG_06002,2.158399452504354
OG_06007,1.3524933789309226
OG_06009,1.5862420228830587
OG_06011,1.1757476807325586
OG_06013,1.2975241651169818
OG_06016,2.0606288443840075
OG_06020,1.3796411044677563
OG_06021,1.3434253525518662
OG_06022,1.0798446721757475
OG_06026,1.0685722974179812
OG_06029,1.3816075194643271
OG_06033,1.5581995420487045
OG_06036,1.2596896959993205
OG_06038,1.082074121306493
OG_06039,1.2415624550887308
OG_06047,1.2265082934485854
OG_06049,1.7946360476618737
OG_06057,1.3950084961708402
OG_06058,1.0319925345176346
OG_06059,1.2102831786790833
OG_06060,1.4392439969219128
OG_06068,1.2965919625600422
OG_06072,1.7152300892130468
OG_06074,1.426584808120556
OG_06078,1.3030505307820983
OG_06085,1.8067535721497936
OG_06092,1.889788342988799
OG_06093,1.806812090534204
OG_06094,1.5514039134604314
OG_06095,1.0453397741473789
OG_06096,1.141754137752281
OG_06100,1.1756372159585635
OG_06105,1.3069045749674086
OG_06108,2.4880561569525184
OG_06109,1.008110383197494
OG_06112,1.3477781512643698
OG_06128,1.186385733407012
OG_06129,1.8211516026581245
OG_06130,2.7316082572493103
OG_06132,5.6009084415969435
OG_06134,1.101885520775836
OG_06136,1.0017576086065565
OG_06141,1.110079581149922
OG_06144,1.1653887387394657
OG_06145,1.0708152462669145
OG_06146,1.0495011073426237
OG_06150,1.88348447540702
OG_06152,1.276805627418918
OG_06155,1.1263156713365876
OG_06157,2.4462882434815754
OG_06171,2.294501801801882
OG_06173,2.7126164778324076
OG_06174,2.7689502129956596
OG_06177,1.837299614205815
OG_06180,1.8810373854414872
OG_06182,1.254114594750647
OG_06187,1.559107668649783
OG_06188,1.0835356171701795
OG_06194,1.320139458920673
OG_06195,1.8383399714022493
OG_06199,1.680687492170523
OG_06200,1.0634521551366638
OG_06203,1.029758829564569
OG_06215,1.887034363697008
OG_06218,2.022796693255879
OG_06226,1.5505643446817094
OG_06234,2.021677912569764
OG_06244,1.4635723734707968
OG_06250,1.0270200268882117
OG_06257,1.960046217123207
OG_06259,1.1328872172119446
OG_06266,1.1370108104385523
OG_06269,2.03819398428288
OG_06271,2.4209291313478225
OG_06275,1.4805792862278766
OG_06279,3.0642452257778876
OG_06280,2.6677033674676687
OG_06281,1.7482557112015409
OG_06282,1.0377133686520927
OG_06287,1.1153032288439484
OG_06291,2.237124697644078
OG_06297,1.0698582601422555
OG_06300,1.0542122540544123
OG_06303,2.220379523279799
OG_06305,2.7916549264629253
OG_06310,1.4580606963270557
OG_06322,1.095241743762404
OG_06323,2.971448244121031
OG_06327,1.7721275639370409
OG_06328,1.2288082644995335
OG_06329,1.6255681453913198
OG_06330,1.2120027293672042
OG_06340,1.1537669763393827
OG_06347,2.0875557761462376
OG_06352,1.2287244870625804
OG_06353,3.1136913057564186
OG_06360,2.6670583044066625
OG_06366,1.8597503179973465
OG_06367,1.1682847977839763
OG_06368,1.4518473298683678
OG_06373,1.2734852290208971
OG_06375,1.0556885237475215
OG_06379,1.7680928101888207
OG_06381,1.6644569807499554
OG_06382,2.4386568473790056
OG_06388,1.5516120571241578
OG_06389,1.4951145226018252
OG_06392,1.2839812787699785
OG_06393,1.205231495492458
OG_06396,1.170317518205798
OG_06397,2.47501723652452
OG_06400,1.2427514841275655
OG_06401,1.3912606023576806
OG_06408,1.4200028016326598
OG_06409,1.5228665461950883
OG_06410,1.5395903611118211
OG_06411,1.2912249565714398
OG_06414,1.1248579474388238
OG_06416,1.8801444764683255
OG_06417,1.56372975687615
OG_06421,1.0875735779352091
OG_06423,1.6650260294576305
OG_06425,1.1487278801045495
OG_06426,1.4057040892029526
OG_06428,1.0964060826443889
OG_06436,2.7800510904301245
OG_06439,1.3971627561477062
OG_06441,2.2666468774839177
OG_06443,2.65525547166515
OG_06444,3.3544620285560596
OG_06446,1.2443211748882528
OG_06454,2.4685029112328305
OG_06458,1.3688889989822732
OG_06461,1.5880395924239878
OG_06465,1.029764883683962
OG_06480,1.17897008868747
OG_06488,1.1445595113201683
OG_06489,1.4860950904403976
OG_06494,1.1148907195776336
OG_06496,1.1979183385019494
OG_06498,1.115999469771262
OG_06499,1.176942834552978
OG_06500,1.7972250352638734
OG_06502,1.1902637915855634
OG_06513,1.4635558410735854
OG_06520,1.3790358363168325
OG_06524,1.2041905372327577
OG_06527,1.176751842986936
OG_06533,1.3625115363033866
OG_06539,1.5923485030988132
OG_06553,1.6797667837393406
OG_06554,1.4614626061795766
OG_06556,1.5860406835348058
OG_06561,2.298409518733557
OG_06569,1.1225159059277885
OG_06576,2.67372156469405
OG_06577,1.2706739249852712
OG_06578,1.040428187850096
OG_06584,1.225161635267258
OG_06588,1.7001231326396578
OG_06592,1.8510040435119417
OG_06598,1.1793820395211905
OG_06599,1.3199527993019045
OG_06601,1.2978893469088724
OG_06604,1.1594378347644134
OG_06606,1.0250667380548033
OG_06609,1.2609539046985998
OG_06613,1.6213414616816535
OG_06616,1.1295995250455066
OG_06620,1.1791408777213424
OG_06626,1.0078660780190842
OG_06629,1.6194870768960656
OG_06634,1.3487608308240706
OG_06642,1.3426027892279002
OG_06643,1.498320120235674
OG_06644,1.8629839111274775
OG_06651,1.08322944557411
OG_06656,1.7563949982958262
OG_06657,1.6842582072127417
OG_06663,3.269114209884622
OG_06670,2.0323414546773573
OG_06674,1.0318209638280116
OG_06675,1.952664316876006
OG_06676,1.6813283436610191
OG_06678,2.0191876955067087
OG_06685,1.0224053584618278
OG_06690,1.8178405204274013
OG_06691,1.8256868205828676
OG_06697,1.1291986724384928
OG_06702,1.25483913404599
OG_06705,1.6802111030040567
OG_06708,1.365286381148605
OG_06713,2.045359608762777
OG_06716,2.242685145946413
OG_06719,1.7388754224881826
OG_06728,1.3451953978000863
OG_06731,1.5294292114792605
OG_06735,1.6076911747734857
OG_06738,2.1279175730558277
OG_06747,1.2567215823621734
OG_06752,1.0548028477251743
OG_06757,3.9228069321233168
OG_06759,1.5164901901005374
OG_06761,1.2297560932894842
OG_06762,1.1249519438816715
OG_06765,1.945924070930679
OG_06769,2.040800261122109
OG_06770,1.2458065635756437
OG_06771,1.7788738412485383
OG_06776,2.406549205192586
OG_06780,1.6962107684685024
OG_06782,2.239335913777424
OG_06783,1.106208292107825
OG_06789,1.3607550376093085
OG_06792,1.1074696626370433
OG_06793,1.4979805994847684
OG_06794,1.2889496528554911
OG_06796,1.071113153314066
OG_06800,1.2226471179322038
OG_06805,2.0898269543322003
OG_06814,1.824580631922239
OG_06817,1.076756702314846
OG_06828,1.559348860735034
OG_06830,1.3303506034926893
OG_06832,1.7042060288707257
OG_06836,1.2366270773435526
OG_06839,1.4971475620342356
OG_06841,1.1261352152806043
OG_06842,1.8641199064347045
OG_06845,1.242855327070096
OG_06849,1.1009017213953822
OG_06850,4.264663234541113
OG_06851,1.1849022867116072
OG_06853,2.4785956887264824
OG_06856,1.530362151520437
OG_06858,1.132953616677957
OG_06859,1.0751779157727035
OG_06863,1.6144997859340926
OG_06869,1.817851887005536
OG_06870,1.8850971901536069
OG_06874,1.3181403061892032
OG_06875,1.5345705692651177
OG_06877,1.5788576960503409
OG_06884,1.1136824728075507
OG_06888,1.7993973614005592
OG_06889,1.5925214349654948
OG_06891,3.3630294994993273
OG_06895,2.9995933665833765
OG_06896,2.717945439797417
OG_06900,1.6101324901768437
OG_06903,1.017424513738909
OG_06908,1.8859661959038885
OG_06909,3.0721669188321403
OG_06910,1.0795868424131383
OG_06911,1.6869124961182205
OG_06913,2.3831224495988157
OG_06922,2.3530456361476766
OG_06924,1.866945985561248
OG_06925,1.0785058153766804
OG_06942,1.028300450155104
OG_06948,2.3154339993114497
OG_06950,1.009985893516657
OG_06956,4.819524192917149
OG_06957,1.8571854338185445
OG_06959,2.140916068699058
OG_06963,1.8526829458662564
OG_06964,1.431156444108279
OG_06978,1.234824485582682
OG_06979,1.1429723375028742
OG_06981,2.2394490679198076
OG_06985,1.7036473627613908
OG_06986,1.4692002399668052
OG_06991,1.396910465793633
OG_06992,1.4643094736385267
OG_06998,1.4932926033564704
OG_06999,1.0805703326650553
OG_07000,1.3591436680588678
OG_07001,1.106996368939264
OG_07002,1.125637786147109
OG_07007,1.18311172052771
OG_07010,1.1314817774071049
OG_07015,1.0097395242575364
OG_07016,2.8472574889238853
OG_07022,1.017704398207086
OG_07025,1.342650053784955
OG_07027,1.1989228916945305
OG_07031,1.2360611980527996
OG_07035,1.9661108015119015
OG_07036,1.0905526237683216
OG_07037,1.1422230635067356
OG_07038,2.158589444386511
OG_07039,1.275976703295313
OG_07041,1.199611954117534
OG_07044,3.121211012264665
OG_07050,1.6203193532111666
OG_07051,1.7056309352529533
OG_07052,1.3958733237078698
OG_07053,1.2196077455664776
OG_07060,1.0571480186880589
OG_07061,1.3017807914874353
OG_07063,1.0074791568855912
OG_07066,1.892994756188508
OG_07069,2.05026620871087
OG_07079,1.6120454070382508
OG_07083,1.0947796893952766
OG_07084,1.3232220622031154
OG_07087,1.154251379495221
OG_07092,2.7536583661155967
OG_07095,1.0970926543674608
OG_07096,2.813989746404906
OG_07099,1.3123621976179345
OG_07101,1.0038968621447744
OG_07103,2.672560171827186
OG_07104,1.5685191431233976
OG_07112,1.1197335008994571
OG_07117,1.488863564472429
OG_07118,1.3047697386879076
OG_07120,1.298454479093486
OG_07121,3.9163871822044394
OG_07125,1.6043035633540954
OG_07129,3.1081832342512485
OG_07131,1.1917136649436295
OG_07132,1.6829339441707198
OG_07134,3.8624857041160414
OG_07144,2.4533248842693594
OG_07150,2.251803925931785
OG_07151,1.5954862430558077
OG_07157,1.331656138248312
OG_07159,1.3229760898282434
OG_07160,1.939534927174501
OG_07161,1.7617807615124212
OG_07165,1.5272792081090736
OG_07170,1.7759790864133722
OG_07175,1.2663460681049212
OG_07178,3.683537720694211
OG_07179,1.1957177559844416
OG_07183,1.1928034027420598
OG_07185,1.999335706936039
OG_07186,1.0155502917136
OG_07187,1.5844554316852693
OG_07188,2.201163819189305
OG_07191,2.107658091193119
OG_07200,1.8808926117755975
OG_07201,1.0919048756616712
OG_07203,1.640393617526506
OG_07205,1.7412483793278155
OG_07207,1.5300164747176428
OG_07212,1.1026095844758326
OG_07214,1.8099187403708827
OG_07218,3.5416159152421347
OG_07220,2.437355238395811
OG_07221,1.4688714547646466
OG_07222,2.009155165687865
OG_07223,2.1548138004942
OG_07224,2.1694946539866033
OG_07227,1.1180601689519991
OG_07229,1.424415428777514
OG_07236,1.034968307668007
OG_07243,1.34203982158256
OG_07244,1.0908662770768909
OG_07245,1.4933611422777884
OG_07247,1.100564782971524
OG_07249,1.586029143631082
OG_07250,1.633590150695994
OG_07253,1.0923996511716525
OG_07254,1.0554294871804455
OG_07255,1.2092365780639265
OG_07265,1.4422089908021043
OG_07267,1.8851642355433356
OG_07268,2.1558638095868696
OG_07271,1.7373794506284097
OG_07275,1.235670466298019
OG_07277,1.000108648484834
OG_07282,1.2148114796343048
OG_07284,2.0875534264671627
OG_07286,2.5877631412641553
OG_07289,1.4123211214848388
OG_07290,1.0154678921071345
OG_07301,1.0034754467555826
OG_07302,1.0291474325749652
OG_07318,1.6861984344080445
OG_07319,1.0885906283978517
OG_07321,1.3990382320487875
OG_07322,1.4482039740909654
OG_07327,1.5034571278053024
OG_07328,1.562451427182984
OG_07329,1.2959829597260877
OG_07331,1.3856146909658411
OG_07334,1.45833702775743
OG_07337,1.4376339980201294
OG_07339,2.8062127595897275
OG_07340,2.23646066224039
OG_07342,1.1172228940786888
OG_07343,2.0403840400018627
OG_07344,2.9050151132039916
OG_07350,1.3361980906085198
OG_07351,2.3608823340327
OG_07355,1.606574616053393
OG_07359,1.6155142454291054
OG_07360,2.324808777354205
OG_07361,1.5590216758110609
OG_07366,1.260534684480398
OG_07372,1.2639061070779072
OG_07373,1.129205801776785
OG_07377,1.1962043644956664
OG_07385,1.156778164645561
OG_07387,2.323626069153429
OG_07394,3.003629355009973
OG_07395,1.5406368849043357
OG_07400,3.2027944315161196
OG_07403,1.1005355164652806
OG_07405,1.278764315995674
OG_07408,1.6290778989242365
OG_07409,1.618399508415042
OG_07423,1.5705358967300287
OG_07425,1.2363423184770743
OG_07427,1.3027150142065214
OG_07430,2.4070343982750364
OG_07434,1.0124416490565296
OG_07436,1.016995233680778
OG_07438,1.95512760372125
OG_07441,1.5607269631193723
OG_07452,1.2031903922113951
OG_07455,1.8836789035603725
OG_07457,2.234583855705482
OG_07466,1.3508982264225513
OG_07470,1.965023010035232
OG_07471,1.0842153947258302
OG_07472,2.3260971800013865
OG_07489,2.242376862921455
OG_07494,2.0705416670783836
OG_07496,2.925128797639503
OG_07498,1.0611163358502786
OG_07502,1.0842525283030755
OG_07504,1.160670475619277
OG_07514,1.323693385923162
OG_07518,1.364059283748075
OG_07528,1.584151160043511
OG_07531,1.0822205018169246
OG_07535,1.0124738157528494
OG_07538,1.1648378540256432
OG_07548,1.063331861297351
OG_07553,1.5963907376438944
OG_07554,1.6450049479432
OG_07573,1.0280419109921652
OG_07575,1.4345375678294396
OG_07577,1.134764107517794
OG_07588,1.4011621146545916
OG_07590,1.1420716384093696
OG_07593,1.8761232012750129
OG_07594,1.3647797432500242
OG_07595,1.3597018202188529
OG_07596,1.094074518339845
OG_07601,1.5069008286427017
OG_07604,1.4130548664545235
OG_07606,1.87104227400564
OG_07607,1.0244618999949622
OG_07608,2.637313215893169
OG_07619,1.193848049360106
OG_07621,1.0641341951155583
OG_07629,1.0052847835656422
OG_07630,1.8524379258639636
OG_07631,1.8289437547256673
OG_07642,2.633972388743841
OG_07648,1.8914095441047512
OG_07649,2.1689824182874315
OG_07651,1.30200936327657
OG_07659,2.470883409266478
OG_07663,1.263741863189676
OG_07665,1.108782578735043
OG_07672,1.1446999499247068
OG_07675,1.2436701682728817
OG_07676,1.1391580856588606
OG_07677,1.7759136558368829
OG_07678,1.4766932526279997
OG_07683,1.304619760668781
OG_07690,1.2545005227061816
OG_07692,1.2355690873636127
OG_07703,1.665181640102565
OG_07704,1.2259735790899993
OG_07705,1.015668994631893
OG_07706,2.759665775905577
OG_07714,1.5949422896711367
OG_07715,2.822780468758044
OG_07730,2.487122186036251
OG_07731,3.491341000166329
OG_07732,1.6061531701393932
OG_07734,2.2090364882223232
OG_07737,1.512482314538381
OG_07740,1.0942207676910738
OG_07761,1.130527423449487
OG_07762,1.8988275672674433
OG_07764,1.0990579204126831
OG_07768,1.3793542670742478
OG_07772,1.0898644764127037
OG_07777,1.56527633985626
OG_07779,1.8845305822105871
OG_07780,1.371835720376518
OG_07782,1.2202470822941232
OG_07785,1.074221018506834
OG_07787,2.052535082250603
OG_07792,1.345734993315537
OG_07807,1.2535170740345152
OG_07813,2.6390963576848923
OG_07817,1.8668437959050712
OG_07824,1.2965866809932276
OG_07825,1.2142534311667463
OG_07827,1.9399473539380083
OG_07828,1.4641643429312894
OG_07835,2.948368406210912
OG_07836,2.36526137287829
OG_07837,1.2322346806257327
OG_07838,1.0359029754114903
OG_07841,1.244873852733144
OG_07842,1.2575693441917908
OG_07849,1.1087836479971656
OG_07851,1.2379095949068748
OG_07854,1.004463439342962
OG_07855,1.6295760592075954
OG_07861,1.1150508458898687
OG_07864,1.0410815606242163
OG_07865,1.431286216306347
OG_07869,1.3184558705439002
OG_07872,2.2549026913440766
OG_07873,1.8989555754632896
OG_07878,1.1138574269945958
OG_07881,1.2405098155187442
OG_07882,1.565709336340591
OG_07883,1.523295656603029
OG_07884,2.6489592733780483
OG_07887,2.868210186420893
OG_07890,1.7313227899360288
OG_07891,1.047935044272812
OG_07893,1.6397900974160524
OG_07899,1.2940575639726275
OG_07902,1.341375212414751
OG_07903,1.4929710333663009
OG_07911,1.561539093110002
OG_07912,1.1080890885059975
OG_07913,1.0070032081103055
OG_07916,1.4718382437180852
OG_07917,1.1286127266355424
OG_07918,1.3632800381900625
OG_07919,1.4677938153495662
OG_07925,1.236565868791074
OG_07929,3.576616290359879
OG_07934,1.2290860268669055
OG_07942,1.0638287419847543
OG_07943,1.6080518026244977
OG_07947,1.9372944762518045
OG_07954,1.5617435574224152
OG_07956,2.227716501015651
OG_07958,1.0788960715438929
OG_07961,1.166003755585174
OG_07963,3.1862832963323933
OG_07971,1.2046049493088302
OG_07976,1.1468570522650865
OG_07982,1.7471728323213267
OG_07985,2.179944972545749
OG_07996,1.4581094896802689
OG_07998,1.1231729764872769
OG_07999,2.078336326411076
OG_08002,1.835761256382072
OG_08004,2.0891575204209873
OG_08005,1.1074969340860972
OG_08008,1.4746107191374207
OG_08012,1.3497155758467023
OG_08013,1.503003557831048
OG_08029,1.4364609067216796
OG_08030,1.402976507684785
OG_08033,1.1742917910576638
OG_08043,1.0627114988605415
OG_08044,1.151366858264563
OG_08045,2.032729448004217
OG_08046,1.7765911219774209
OG_08053,1.286284759750886
OG_08056,1.049390020792181
OG_08061,1.3073036761342935
OG_08064,1.0084647781004246
OG_08065,1.3423726544221033
OG_08071,1.1172828482754646
OG_08076,1.5480680218016856
OG_08078,1.4158750487599976
OG_08079,1.2092009452209678
OG_08080,1.1092682192255294
OG_08082,1.3203882489073246
OG_08083,1.1437476796109514
OG_08090,1.1964530018720267
OG_08091,1.2844106389941816
OG_08094,2.1505394031017375
OG_08096,1.1602745884176595
OG_08097,4.190271042520462
OG_08098,3.878929030392545
OG_08099,1.13154029987921
OG_08104,1.2192695298316345
OG_08116,1.086822684738915
OG_08117,2.202341861541404
OG_08123,1.947654643928019
OG_08126,2.874019648371246
OG_08127,1.0253515144184986
OG_08134,2.42440551692366
OG_08136,1.1771768792406576
OG_08140,1.07487409810182
OG_08143,1.6106363250779114
OG_08144,1.5997438400450652
OG_08151,1.6142232656644142
OG_08155,2.445334923144005
OG_08160,1.1312098702635789
OG_08170,1.1340137144476723
OG_08176,1.60525592683939
OG_08186,1.2181115879272055
OG_08199,1.2574423005841753
OG_08201,1.06434429234531
OG_08202,1.0847948388878093
OG_08214,1.0037871543192187
OG_08217,1.9727656118397825
OG_08218,1.1714572740681704
OG_08222,3.1453443749656396
OG_08227,1.4292058110081756
OG_08229,1.8814137714695425
OG_08230,1.6088862732439695
OG_08233,1.0092714162348078
OG_08237,1.2999200803394575
OG_08241,1.6923374866271024
OG_08245,1.6243582692524694
OG_08249,1.0122475232905703
OG_08254,1.6475020731068892
OG_08257,1.2737368934836324
OG_08258,1.69777724611355
OG_08265,2.7984777305294255
OG_08267,1.2867144429247732
OG_08270,1.5577596700251626
OG_08275,1.3481705552923422
OG_08292,1.7384349406914466
OG_08299,1.069379938634365
OG_08305,1.2557637328072466
OG_08306,1.2734136381773606
OG_08309,1.769939803340094
OG_08311,3.521847939668833
OG_08313,2.921588424047002
OG_08314,1.9193455072253331
OG_08316,1.4422677703297009
OG_08319,1.18804372554295
OG_08331,1.3632858697417871
OG_08337,2.5241380912030364
OG_08338,2.115891167806579
OG_08339,1.1395586957053043
OG_08340,1.6637823398589475
OG_08341,1.9467189815072712
OG_08342,2.2870168339824386
OG_08348,1.857263162497572
OG_08349,1.1634746416872357
OG_08353,1.7779488087037558
OG_08355,3.001718624945118
OG_08356,1.235863239241913
OG_08361,2.031904570473794
OG_08362,1.7267182364807705
OG_08365,1.9778555773281417
OG_08367,1.354012230067054
OG_08374,1.199252520540037
OG_08379,1.085730494166867
OG_08380,1.2857498569933845
OG_08382,1.1894870885094218
OG_08384,1.6673622736327522
OG_08387,1.420016528190985
OG_08389,1.124562632263906
OG_08392,2.5202326370346215
OG_08395,1.2883117028983084
OG_08396,1.0670966497376164
OG_08407,1.52407753089447
OG_08412,2.183910109610951
OG_08427,1.2811066211141937
OG_08428,2.889349641320779
OG_08429,1.4760729232762753
OG_08432,2.484160688105207
OG_08440,1.3987821640588824
OG_08448,1.2354622340746015
OG_08456,1.0985876366497251
OG_08460,2.2340869108971426
OG_08462,1.0487722559255397
OG_08464,1.6877418151679626
OG_08471,1.043564962908033
OG_08475,1.0575158850381852
OG_08478,1.0670201247759663
OG_08480,1.6171738519144163
OG_08481,1.106726765637393
OG_08482,1.52522434908584
OG_08483,1.343240546688205
OG_08484,2.3200846186470474
OG_08485,1.3192145731578602
OG_08487,1.677403309215726
OG_08489,1.349563355250195
OG_08491,1.139483973499294
OG_08492,1.5974285430121238
OG_08493,1.0201158758729842
OG_08505,1.1213356338298797
OG_08507,1.4758743766795044
OG_08509,1.4655389986798013
OG_08510,1.2709212228190747
OG_08511,1.1731308338956037
OG_08512,1.7288498404955774
OG_08514,1.713317117276848
OG_08516,2.81801823988031
OG_08519,1.6109254361791956
OG_08520,1.3370547266070545
OG_08525,1.1255371784638375
OG_08526,1.2403805486071326
OG_08530,1.0658413065229575
OG_08533,1.2995361528041338
OG_08536,2.365468936682558
OG_08540,1.962081766885068
OG_08546,1.556883871052049
OG_08551,1.331310012949522
OG_08555,2.6811162623115705
OG_08557,4.495657210822903
OG_08564,1.0975530039208938
OG_08566,1.702780125962266
OG_08572,1.134393402264526
OG_08573,1.5558563893884043
OG_08578,1.461942767074826
OG_08579,1.623299773665842
OG_08599,1.146701798023622
OG_08606,1.1289647305735115
OG_08609,1.4647896986860067
OG_08611,1.4895592098856263
OG_08613,1.2807570878850032
OG_08614,1.9722619719816672
OG_08615,2.0969199908809157
OG_08617,1.0287648466020929
OG_08620,1.2580030300515477
OG_08621,1.7041740478550311
OG_08622,1.5769759498869145
OG_08625,1.3311723791273098
OG_08635,1.3004055580091356
OG_08636,2.1480502951245817
OG_08638,2.884506277388479
OG_08639,3.04406134329152
OG_08640,1.3580964738674708
OG_08650,1.1504273911113083
OG_08653,1.124712010302905
OG_08660,1.3546815413361175
OG_08663,1.464272814749315
OG_08664,1.1816271465099146
OG_08665,1.138323357301887
OG_08666,1.1928187693614525
OG_08667,1.7989264162488778
OG_08671,1.0512231663319287
OG_08674,1.6649635609396782
OG_08685,1.2201530399817928
OG_08687,1.7043432012706163
OG_08688,1.480202794588284
OG_08691,1.1612364375217354
OG_08692,1.1108867307087125
OG_08693,1.769652183335372
OG_08698,1.2038471796341652
OG_08701,1.0246676906131569
OG_08704,2.0378858456935056
OG_08705,2.326843384173067
OG_08715,1.0214033363160384
OG_08721,1.199221539515399
OG_08722,1.6625476014445613
OG_08725,1.5349102256526972
OG_08731,1.6930956950772382
OG_08735,2.331178898908822
OG_08740,1.112568902029974
OG_08741,1.3428605574741437
OG_08744,2.4026373118920956
OG_08750,1.1752689822912756
OG_08751,1.5308982854434552
OG_08767,1.2683787439055132
OG_08770,2.862726467664229
OG_08774,1.4730675120316197
OG_08779,1.304869227622077
OG_08782,2.657534824973884
OG_08792,1.3613571156525703
OG_08796,1.8878170469158309
OG_08799,2.981899312753242
OG_08800,1.8889414641339433
OG_08805,1.4112887199710973
OG_08806,1.035624123119668
OG_08808,1.4052135777265964
OG_08815,1.086544180383208
OG_08816,1.623567386465656
OG_08827,2.300610855392489
OG_08828,1.5820532297648893
OG_08830,1.3784891800655037
OG_08837,1.7075295745711734
OG_08841,1.3222723156296097
OG_08842,2.565511661165807
OG_08844,2.083540008396931
OG_08849,1.029009825389352
OG_08850,1.150047888995818
OG_08856,1.6116895518826373
OG_08859,1.3122810731132035
OG_08860,1.2406302544139798
OG_08866,1.0396500818115724
OG_08873,1.6499078984252502
OG_08879,1.8471122602805712
OG_08884,1.1546660004285838
OG_08887,1.1560818134821211
OG_08889,1.0550376249415043
OG_08893,1.180300067389965
OG_08898,1.326299729756783
OG_08902,1.3420675967416091
OG_08903,2.8228374962056635
OG_08906,1.0546850227055824
OG_08907,1.5339049016194477
OG_08910,1.0790593372672883
OG_08911,2.2957952781549062
OG_08916,1.9385889809424988
OG_08918,1.3744589941103744
OG_08922,1.5590779605821248
OG_08923,1.3702985859497836
OG_08928,2.691179338607517
OG_08930,1.6625145001246162
OG_08933,2.647381025079239
OG_08937,4.473343274179811
OG_08941,2.494439896320174
OG_08943,1.2290992382477248
OG_08945,1.963450197471206
OG_08946,1.7799506359950652
OG_08951,1.1551189322922146
OG_08952,2.8843058025774213
OG_08959,3.3233938926121898
OG_08960,1.2110347427371253
OG_08966,1.1599249788857866
OG_08967,3.2038092908586564
OG_08968,1.0756105920629262
OG_08973,1.7070758537126152
OG_08974,1.1885945575438426
OG_08975,2.9824674311558605
OG_08977,2.1136274483528714
OG_08978,1.1106440354172862
OG_08984,1.9608373245943516
OG_08986,1.7747071361555866
OG_08987,1.2177647306063188
OG_08988,1.0499058497305058
OG_08993,1.139091067944174
OG_08995,1.3403640277796294
OG_08997,1.0459488861697663
OG_08998,1.1670259952697803
OG_09007,1.2222901259232255
OG_09011,1.2799352064127083
OG_09012,1.1353780276950989
OG_09013,1.0458771287688595
OG_09016,1.162988112764661
OG_09021,2.0346493741073584
OG_09026,1.222212526547079
OG_09028,1.2959044829345
OG_09029,2.359770732414555
OG_09031,1.1314057997329654
OG_09034,1.0387889492580922
OG_09036,2.2803867061322096
OG_09042,1.2526675625503834
OG_09043,1.7481634087159412
OG_09054,1.1712818309412805
OG_09080,1.1375619423417116
OG_09081,1.283189323857259
OG_09090,1.6870532270832774
OG_09091,1.2374047205375025
OG_09096,1.907755357258046
OG_09106,2.147489471682264
OG_09110,2.1123550245242995
OG_09113,2.5062347272494323
OG_09120,1.7829739445889337
OG_09121,1.1801270156265051
OG_09129,1.045063724942056
OG_09130,2.669716755107973
OG_09138,1.9733870191272025
OG_09142,1.9147785399419257
OG_09146,1.0436520966928942
OG_09149,1.5780025471325967
OG_09151,1.0380612555701902
OG_09157,1.1594403757913203
OG_09164,1.6241680561654972
OG_09166,1.2710488846026584
OG_09168,2.8434075425580954
OG_09173,1.8936668400128789
OG_09174,1.2653697619577138
OG_09178,1.985413477798164
OG_09188,2.216040381741698
OG_09189,1.143954772960304
OG_09190,1.2343926928054385
OG_09195,1.2853377293871775
OG_09204,1.4610067935648168
OG_09210,1.174269146026092
OG_09212,1.6433829931597053
OG_09213,1.0323059184323655
OG_09214,1.188088108632423
OG_09216,1.7986752774344987
OG_09225,1.1487050352295292
OG_09232,1.7352021048406865
OG_09233,4.519350279314697
OG_09235,1.2578156590216338
OG_09237,2.037220828972234
OG_09241,1.5111241282179446
OG_09242,1.704452565603664
OG_09247,1.1812816933020975
OG_09254,1.2482646900040075
OG_09255,1.6923795561419843
OG_09262,1.8396245617302476
OG_09269,1.2414767009239838
OG_09272,1.2569840206358456
OG_09282,1.8936954565043784
OG_09283,2.119762820377048
OG_09286,1.3057557578339432
OG_09304,1.0302569919554163
OG_09306,1.574227580242269
OG_09308,1.669187870550567
OG_09311,1.0409720680482404
OG_09312,1.0217581152259283
OG_09313,1.2160140814500893
OG_09320,3.3500467001192504
OG_09329,2.087750430677046
OG_09330,1.0013294613478574
OG_09331,1.0059661596629526
OG_09334,2.186535006064226
OG_09336,1.941872522501551
OG_09337,2.9718035998573664
OG_09338,1.0646159401805355
OG_09342,2.650018973670934
OG_09347,2.6455941411266184
OG_09350,1.2287410410571669
OG_09354,1.3891560742026487
OG_09365,2.371680461316122
OG_09372,1.4953822823311655
OG_09373,1.3541510847042597
OG_09377,1.1848627097517954
OG_09379,1.8871968674794564
OG_09380,2.4899609251494166
OG_09384,1.9980629733787536
OG_09385,1.5777379714557596
OG_09387,1.4128160156374825
OG_09388,2.0006439020778437
OG_09399,1.4578041741206489
OG_09413,1.1331606960742917
OG_09424,2.140878849614574
OG_09426,1.556684654137923
OG_09427,2.0735310260073496
OG_09431,1.2259580775065284
OG_09432,1.4093644023070246
OG_09434,1.8205825294672864
OG_09435,1.164235202926606
OG_09436,1.0290711551580018
OG_09438,1.05530354260559
OG_09440,2.5375387271805834
OG_09443,3.707225207359372
OG_09445,1.1546340884848043
OG_09455,1.505751166108963
OG_09458,1.1644484224343368
OG_09462,1.913667820283297
OG_09465,2.402944815638573
OG_09466,2.32975195361464
OG_09472,4.22102177981766
OG_09473,1.1588361027528564
OG_09478,2.554020799748109
OG_09480,1.3413863110180635
OG_09481,1.30830159264315
OG_09483,1.3692337368107923
OG_09486,1.1794583380059669
OG_09495,1.4681164988578734
OG_09508,1.1916192671696957
OG_09514,1.524043908998756
OG_09518,2.0007269511888635
OG_09519,1.6068591537584969
OG_09524,1.4642898198136038
OG_09527,1.4237007125244234
OG_09531,2.2772117099975935
OG_09538,1.031116566962141
OG_09539,1.167802812428363
OG_09540,2.3146716516271204
OG_09546,1.658671942853533
OG_09547,1.0985834127689325
OG_09549,1.1710960217673427
OG_09550,2.2394460300968575
OG_09555,1.3942839761652452
OG_09559,1.2260203507510423
OG_09560,2.0936207870683945
OG_09564,1.0472999278612094
OG_09568,2.6236006848921973
OG_09570,1.3258955071923846
OG_09571,2.032446926975124
OG_09579,2.1379790769740215
OG_09584,1.1333784083183411
OG_09590,1.062051906790546
OG_09593,1.4012932514453793
OG_09596,1.1996017277207498
OG_09597,1.9421439524481925
OG_09598,1.0281158512147233
OG_09599,2.733765719197289
OG_09600,1.1717441655743672
OG_09601,1.539361575659852
OG_09611,1.2543765306337118
OG_09614,1.172412903173999
OG_09625,2.6114750574861643
OG_09627,1.0293625404610334
OG_09628,1.8511053546371683
OG_09633,1.0281228531676627
OG_09635,1.0713746831395448
OG_09636,1.0921867094531534
OG_09638,1.4517978019196691
OG_09650,1.5562809955255008
OG_09654,1.2156350601859025
OG_09674,2.1817263171316146
OG_09683,1.5609934238817031
OG_09686,1.1350541811045196
OG_09693,3.1302085453553823
OG_09694,1.2439074776801884
OG_09696,1.5627631352842293
OG_09698,1.605715687972962
OG_09699,1.6855157934042315
OG_09703,1.0433095340910357
OG_09719,1.4825466113654848
OG_09728,1.982107434291762
OG_09730,2.669496029273846
OG_09731,1.738501536441414
OG_09736,1.7241944210860842
OG_09741,1.5709307094023195
OG_09743,1.811816656948117
OG_09746,1.0524158452543664
OG_09747,1.024665542885723
OG_09750,2.371830033652421
OG_09753,2.34972599979049
OG_09756,1.2855995680870007
OG_09757,2.3023733836794413
OG_09760,1.53754020721299
OG_09764,1.325163492881951
OG_09774,1.763695341131713
OG_09775,1.7326468553146264
OG_09778,1.117798757400297
OG_09782,1.015290082047187
OG_09783,2.1582839136564975
OG_09784,2.3813689790421364
OG_09789,1.879552332304557
OG_09797,1.190232646072446
OG_09798,1.4344039745318449
OG_09799,1.1205647882106586
OG_09807,1.5089696570140263
OG_09808,1.1973744333360503
OG_09810,2.3457895331808065
OG_09811,1.270387569359655
OG_09826,3.335614188185075
OG_09828,1.092619099527352
OG_09845,1.6355675165102532
OG_09858,1.0688134196064674
OG_09861,1.3123055974403126
OG_09862,1.3331344455746306
OG_09864,1.1805354839563282
OG_09865,2.173475120767126
OG_09866,2.375983977867122
OG_09872,1.620971833453135
OG_09876,1.0780276726471714
OG_09889,1.4132464044051096
OG_09890,1.3756328788358592
OG_09897,1.1328518242364594
OG_09898,1.1506054644352255
OG_09899,1.3225047894158244
OG_09905,1.2176693787167951
OG_09906,1.3142228297951624
OG_09909,1.0852587135689438
OG_09916,1.1158864695541983
OG_09917,1.3026065583388835
OG_09920,1.100499853933283
OG_09921,1.7781250017579766
OG_09928,1.3683950635273077
OG_09929,1.7968727287455204
OG_09930,1.4331182934360551
OG_09932,1.01168209507105
OG_09934,1.389668269364021
OG_09935,1.654037962221507
OG_09937,2.6513135511155315
OG_09947,1.466277726251389
OG_09948,1.575459278421241
OG_09949,1.359956950220707
OG_09962,1.0663256263912342
OG_09964,1.0124124235407033
OG_09967,1.0122093213140426
OG_09969,1.817679923449004
OG_09972,1.4144208849819635
OG_09974,2.518432825486917
OG_09975,2.499980342937811
OG_09980,1.348033402231743
OG_09981,1.749244565870503
OG_09985,1.3682331336043834
OG_09996,1.1873538572908404
OG_10002,1.3946528102371891
OG_10007,1.9360955237055033
OG_10008,1.6088190214323264
OG_10021,1.2815851009742951
OG_10022,1.500071538465438
OG_10026,1.0475288854871538
OG_10028,1.169719649680271
OG_10033,1.8011302181001845
OG_10035,1.3023416050678818
OG_10039,1.3159400700340464
OG_10040,2.6353152044613175
OG_10041,1.4441122988516626
OG_10045,2.6570178812976315
OG_10047,1.245428394481713
OG_10055,1.2114114397245188
OG_10060,1.4272301108809815
OG_10067,1.7989870301652675
OG_10069,1.4201406814770394
OG_10077,2.8830334015078014
OG_10079,1.9328558273621508
OG_10080,1.2682438308663404
OG_10087,1.238181235107797
OG_10089,1.5104876225008388
OG_10094,2.643915520644466
OG_10095,1.2788556122735733
OG_10097,1.135763951904061
OG_10099,2.2583803493472696
OG_10100,1.100015556741254
OG_10102,1.8383359332917353
OG_10104,1.6763285985437777
OG_10107,1.418550463867666
OG_10109,1.1845631055459993
OG_10113,3.058025161921903
OG_10115,1.2393422740022766
OG_10116,1.6542739522160328
OG_10119,1.0921023338211036
OG_10121,1.0471986660606474
OG_10122,1.0209073998653797
OG_10130,1.9494513224731276
OG_10137,1.403795516222423
OG_10139,1.549868760891441
OG_10149,1.2437576125069252
OG_10154,1.004435232347451
OG_10156,1.6446258200737156
OG_10158,1.8620512098341329
OG_10159,1.5880597771795064
OG_10160,1.4800437874297043
OG_10164,1.3846655940702586
OG_10176,1.4872572252064196
OG_10177,1.1129704590589578
OG_10180,2.449104977583805
OG_10181,1.2785716559950726
OG_10182,2.7470704907551
OG_10183,1.8212141987605428
OG_10184,1.8172453392615775
OG_10186,2.4297312879041804
OG_10191,2.1228967478612413
OG_10193,1.115291769941578
OG_10195,1.0679540591408896
OG_10196,1.168456791423269
OG_10198,1.0385797025664936
OG_10200,1.6842457461179137
OG_10203,1.5456011802960703
OG_10204,2.082470828220793
OG_10207,3.037816403600177
OG_10214,1.1426239329242869
OG_10216,1.1641351979889436
OG_10220,1.010264974101133
